CUSTOMERID,FDSegment,Channel,FDCount,AverageBalance
M-9312644,HWI,BR,10,5418000
M-1919160,HWI,BR,6,6426000
M-1615014,HWI,BR,9,9175000
M-9275972,HWI,BR,9,4623000
M-8698483,HWI,BR,1,6321000
M-6021603,HWI,BR,6,5998000
M-6612823,HWI,BR,7,9965000
M-5537020,HWI,NB,8,4904000
M-3048755,HWI,NB,2,4919000
M-2021322,HWI,BR,4,4951000
M-3710388,HWI,BR,1,4203000
M-8187029,HWI,BR,7,8625000
M-5960095,HWI,BR,4,6991000
M-3274338,HWI,BR,9,9785000
M-5368915,HWI,NB,4,4518000
M-8119901,HWI,NB,5,4121000
M-7058023,HWI,BR,4,7615000
M-4816621,HWI,NB,5,4749000
M-7864216,HWI,BR,2,7050000
M-5089487,HWI,BR,6,6068000
M-2285831,HWI,BR,5,5793000
M-7621550,HWI,NB,8,4824000
M-6209304,HWI,BR,10,7121000
M-6550211,HWI,NB,9,4490000
M-8742560,HWI,BR,3,6576000
M-1638827,HWI,BR,10,5306000
M-3751067,HWI,BR,5,7001000
M-2849128,HWI,BR,1,8355000
M-9805065,HWI,BR,7,4965000
M-4665753,HWI,NB,5,4289000
M-7659140,HWI,BR,1,8122000
M-4148163,HWI,BR,2,4526000
M-4116090,HWI,BR,3,5991000
M-6001909,HWI,NB,5,4675000
M-4445751,HWI,BR,9,9018000
M-7910280,HWI,BR,6,6766000
M-5748368,HWI,BR,3,5733000
M-6545501,HWI,BR,7,5835000
M-4777776,HWI,BR,2,9283000
M-1755313,HWI,BR,1,5712000
M-5533755,HWI,NB,3,4269000
M-8501105,HWI,NB,5,4570000
M-2086675,HWI,BR,5,5322000
M-8409713,HWI,BR,9,9279000
M-1974476,HWI,BR,1,9504000
M-9627130,HWI,BR,10,7865000
M-3464589,HWI,NB,4,4286000
M-3539325,HWI,BR,8,8108000
M-6860203,HWI,BR,1,5905000
M-4746580,HWI,BR,9,7127000
M-2580546,HWI,BR,2,4798000
M-5242167,HWI,BR,2,8184000
M-5095170,HWI,NB,4,4397000
M-6502808,HWI,NB,2,4403000
M-4988279,HWI,BR,1,6011000
M-9240335,HWI,BR,8,5005000
M-5054681,HWI,BR,8,7590000
M-7769516,HWI,BR,2,6831000
M-8993221,HWI,NB,2,4923000
M-2794391,HWI,BR,4,9263000
M-6561441,HWI,BR,5,8413000
M-7449877,HWI,NB,7,4874000
M-5692968,HWI,BR,4,7195000
M-2315319,HWI,BR,4,8224000
M-9940026,HWI,BR,3,7845000
M-6836066,HWI,NB,1,4234000
M-6914102,HWI,BR,3,4854000
M-4292201,HWI,NB,4,4017000
M-5135471,HWI,BR,2,7182000
M-2167472,HWI,BR,7,4296000
M-5311520,HWI,BR,8,8952000
M-2941954,HWI,BR,7,4492000
M-7335519,HWI,BR,8,7764000
M-6890433,HWI,BR,8,6652000
M-3673023,HWI,NB,5,4864000
M-5054560,HWI,BR,7,9616000
M-2716642,HWI,BR,1,9610000
M-2422709,HWI,BR,4,6076000
M-1557977,HWI,BR,7,8871000
M-9894815,HWI,BR,2,7218000
M-9159124,HWI,NB,1,4603000
M-6946550,HWI,NB,2,4030000
M-6756873,HWI,BR,4,6724000
M-8403816,HWI,NB,10,4465000
M-6752680,HWI,BR,3,7268000
M-3317466,HWI,BR,1,7047000
M-8492408,HWI,BR,3,7514000
M-4629049,HWI,NB,8,4370000
M-8637321,HWI,NB,7,4817000
M-6129620,HWI,BR,10,4481000
M-9010473,HWI,BR,4,4883000
M-4939699,HWI,BR,2,5050000
M-8955797,HWI,BR,1,5212000
M-4984152,HWI,BR,1,9076000
M-3571212,HWI,BR,1,9964000
M-5151875,HWI,BR,7,4706000
M-5016236,HWI,NB,3,4840000
M-9083114,HWI,BR,7,4061000
M-8311838,HWI,BR,6,6685000
M-6507017,HWI,BR,3,8199000
M-7890133,HWI,NB,9,4492000
M-6375672,HWI,BR,10,7701000
M-5095714,HWI,BR,5,5173000
M-1864396,HWI,NB,7,4826000
M-5791283,HWI,BR,6,6366000
M-8804214,HWI,BR,1,4943000
M-1735685,HWI,BR,4,6331000
M-5582916,HWI,BR,6,8358000
M-5741445,HWI,BR,2,7398000
M-1323055,HWI,BR,5,7732000
M-5333628,HWI,BR,8,8704000
M-2216291,HWI,BR,1,7083000
M-6279496,HWI,BR,5,5402000
M-6518410,HWI,BR,1,8751000
M-6012960,HWI,NB,6,4120000
M-1461810,HWI,BR,6,7852000
M-4362604,HWI,BR,2,5840000
M-5123853,HWI,BR,6,9981000
M-2351491,HWI,BR,9,4722000
M-6529984,HWI,NB,9,4668000
M-6792939,HWI,BR,9,4953000
M-2931504,HWI,NB,10,4592000
M-6472795,HWI,NB,2,4800000
M-2730962,HWI,BR,8,4912000
M-2290050,HWI,NB,8,4673000
M-9518180,HWI,BR,10,8473000
M-9009348,HWI,BR,2,8455000
M-9177686,HWI,NB,6,4573000
M-5908186,HWI,BR,3,4350000
M-4200488,HWI,NB,9,4192000
M-8988300,HWI,NB,10,4050000
M-9679882,HWI,BR,6,9377000
M-8248604,HWI,BR,7,5800000
M-2588382,HWI,BR,5,4268000
M-4362866,HWI,NB,8,4493000
M-7253704,HWI,BR,6,4740000
M-5602707,HWI,NB,7,4449000
M-4247841,HWI,BR,7,7002000
M-1463083,HWI,NB,6,4271000
M-5626312,HWI,BR,2,5099000
M-7727185,HWI,BR,6,8906000
M-5898289,HWI,BR,1,6245000
M-3120150,HWI,BR,2,9613000
M-6000830,HWI,BR,10,9953000
M-2624843,HWI,BR,4,7798000
M-4503573,HWI,NB,2,4472000
M-5344605,HWI,BR,4,8090000
M-1691279,HWI,NB,3,4677000
M-7989072,HWI,BR,1,6492000
M-1760021,HWI,BR,6,9573000
M-9299620,HWI,BR,7,8422000
M-7513220,HWI,BR,3,5871000
M-3294279,HWI,NB,5,4481000
M-5482948,HWI,BR,9,8311000
M-3628579,HWI,BR,7,6002000
M-1963266,HWI,BR,1,8789000
M-1276055,HWI,BR,9,5412000
M-9789104,HWI,NB,3,4566000
M-2960871,HWI,NB,5,4748000
M-5746879,HWI,BR,4,5571000
M-7771296,HWI,BR,5,8441000
M-8259966,HWI,NB,9,4419000
M-8252066,HWI,NB,3,4750000
M-5552280,HWI,BR,2,5486000
M-5615606,HWI,NB,5,4093000
M-4397587,HWI,NB,2,4874000
M-3217722,HWI,BR,9,4064000
M-7262215,HWI,BR,6,7484000
M-6620864,HWI,BR,4,5285000
M-4586066,HWI,NB,10,4705000
M-4302018,HWI,BR,1,8337000
M-4874507,HWI,NB,3,4523000
M-7136988,HWI,BR,2,4418000
M-2321655,HWI,BR,5,5201000
M-2787437,HWI,BR,1,6374000
M-2507722,HWI,BR,1,9884000
M-2444085,HWI,NB,5,4784000
M-2542424,HWI,BR,5,8501000
M-4134954,HWI,BR,1,9075000
M-2487662,HWI,NB,10,4613000
M-3074634,HWI,BR,3,4629000
M-4976920,HWI,BR,2,7599000
M-5900617,HWI,NB,9,4741000
M-3840839,HWI,NB,6,4534000
M-5548869,HWI,BR,1,9380000
M-1173910,HWI,NB,8,4873000
M-9398875,HWI,NB,5,4417000
M-3834968,HWI,NB,5,4812000
M-8037227,HWI,BR,4,5680000
M-6315464,HWI,BR,5,9024000
M-2016567,HWI,BR,7,7169000
M-1873347,HWI,NB,8,4151000
M-3809112,HWI,BR,7,7761000
M-6856593,HWI,BR,2,7707000
M-6199622,HWI,BR,7,7764000
M-4880021,HWI,BR,3,8629000
M-6054574,HWI,NB,1,4246000
M-4614839,HWI,BR,9,9023000
M-4109944,HWI,BR,3,4488000
M-3442670,HWI,NB,2,4614000
M-8090573,HWI,BR,3,5706000
M-8035177,HWI,BR,2,9193000
M-9447909,HWI,BR,3,5720000
M-5042872,HWI,BR,4,6128000
M-2441228,HWI,NB,4,4430000
M-1527659,HWI,BR,7,4065000
M-1748309,HWI,BR,10,7011000
M-8135971,HWI,NB,8,4373000
M-1466015,HWI,BR,4,7502000
M-3740862,HWI,BR,7,5025000
M-4274473,HWI,BR,4,5765000
M-7853844,HWI,BR,2,6265000
M-7673861,HWI,BR,8,6139000
M-1419900,HWI,BR,7,8690000
M-4594939,HWI,BR,7,9627000
M-7221148,HWI,BR,8,5349000
M-8851506,HWI,BR,9,9300000
M-2577854,HWI,BR,3,9951000
M-4697983,HWI,NB,2,4771000
M-7949249,HWI,NB,4,4665000
M-5126134,HWI,NB,2,4567000
M-5161746,HWI,BR,9,8695000
M-8176399,HWI,BR,1,5725000
M-8566286,HWI,NB,8,4318000
M-5117608,HWI,BR,4,4028000
M-8814868,HWI,BR,9,5755000
M-6022862,HWI,BR,7,6404000
M-8097690,HWI,BR,10,5483000
M-8520986,HWI,BR,5,8350000
M-6872249,HWI,NB,6,4312000
M-7103299,HWI,NB,2,4925000
M-4591739,HWI,BR,4,6320000
M-7313557,HWI,NB,3,4799000
M-8315882,HWI,NB,1,4400000
M-4295607,HWI,BR,5,6935000
M-5050776,HWI,NB,3,4870000
M-7556210,HWI,NB,4,4847000
M-4459047,HWI,BR,2,4851000
M-3220501,HWI,BR,3,8549000
M-4665127,HWI,BR,7,7534000
M-3140300,HWI,NB,4,4798000
M-5488880,HWI,BR,2,4168000
M-4096847,HWI,BR,1,5501000
M-7177083,HWI,BR,9,7573000
M-8330426,HWI,BR,10,6180000
M-7605272,HWI,NB,10,4900000
M-8475561,HWI,NB,2,4318000
M-8422406,HWI,BR,10,7562000
M-2964262,HWI,BR,7,9426000
M-1698712,HWI,BR,7,8587000
M-4749437,HWI,BR,7,4003000
M-2903805,HWI,BR,8,5503000
M-9883553,HWI,BR,7,9739000
M-3220423,HWI,BR,10,4596000
M-7822741,HWI,BR,3,9960000
M-3712718,HWI,BR,7,9853000
M-7979301,HWI,BR,7,4205000
M-8203108,HWI,BR,5,8667000
M-5611589,HWI,BR,5,6645000
M-9563016,HWI,BR,1,9819000
M-4215090,HWI,BR,5,6256000
M-9914800,HWI,BR,4,7685000
M-5521597,HWI,BR,10,9738000
M-9360545,HWI,BR,3,9735000
M-4292694,HWI,BR,3,7264000
M-5522757,HWI,BR,4,7977000
M-3414243,HWI,BR,1,4171000
M-8550011,HWI,BR,9,7582000
M-1991175,HWI,BR,1,6412000
M-3980594,HWI,BR,10,9346000
M-2843310,HWI,BR,9,5881000
M-2056795,HWI,BR,4,7029000
M-2773710,HWI,BR,1,4058000
M-1905960,HWI,BR,4,7220000
M-2855398,HWI,BR,3,9978000
M-1509402,HWI,BR,6,6921000
M-7962130,HWI,BR,4,4934000
M-2106068,HWI,BR,10,8489000
M-6305241,HWI,BR,3,7887000
M-4872072,HWI,BR,1,5847000
M-7816778,HWI,BR,9,8825000
M-8305027,HWI,BR,2,5707000
M-1950723,HWI,NB,7,4277000
M-9319610,HWI,NB,2,4070000
M-5623575,HWI,NB,7,4139000
M-9171252,HWI,BR,5,8604000
M-6729478,HWI,BR,1,4593000
M-1437093,HWI,BR,2,6321000
M-2990806,HWI,BR,8,6430000
M-8195480,HWI,BR,3,8689000
M-9093951,HWI,NB,4,4195000
M-3191643,HWI,NB,2,4908000
M-5686377,HWI,NB,6,4738000
M-2097817,HWI,BR,9,8389000
M-8622164,HWI,NB,3,4541000
M-1455382,HWI,BR,7,9890000
M-1800764,HWI,NB,7,4756000
M-2371015,HWI,BR,9,6541000
M-4952115,HWI,NB,7,4695000
M-6745471,HWI,BR,9,9668000
M-8025629,HWI,BR,6,4289000
M-9086435,HWI,BR,2,4953000
M-9538253,HWI,BR,2,6931000
M-5896044,HWI,NB,3,4445000
M-9866770,HWI,BR,7,6836000
M-9920880,HWI,BR,7,5504000
M-7982723,HWI,NB,2,4939000
M-2273678,HWI,BR,5,9377000
M-5063421,HWI,BR,7,8799000
M-4241538,HWI,BR,6,7516000
M-8202204,HWI,BR,10,4155000
M-9065254,HWI,BR,2,8752000
M-9697402,HWI,BR,6,8751000
M-1748014,HWI,BR,4,9223000
M-9560707,HWI,BR,6,9300000
M-7445170,HWI,BR,4,5848000
M-8020696,HWI,NB,7,4814000
M-5339816,HWI,BR,5,4226000
M-1656059,HWI,BR,6,4259000
M-8209836,HWI,BR,4,5143000
M-2277513,HWI,BR,8,6363000
M-5456913,HWI,BR,5,4003000
M-2280833,HWI,NB,4,4793000
M-5168855,HWI,NB,6,4121000
M-9037189,HWI,BR,3,6640000
M-5893789,HWI,BR,1,4160000
M-1436113,HWI,NB,2,4721000
M-2083757,HWI,BR,7,9240000
M-9294526,HWI,BR,5,7776000
M-1240506,HWI,NB,4,4746000
M-2774531,HWI,BR,4,5218000
M-7763183,HWI,NB,7,4932000
M-2815264,HWI,NB,4,4751000
M-4394274,HWI,NB,7,4408000
M-6797795,HWI,BR,5,9561000
M-2903946,HWI,BR,3,9676000
M-5942645,HWI,BR,7,9152000
M-1233741,HWI,NB,4,4147000
M-2922401,HWI,BR,3,9205000
M-7861088,HWI,NB,2,4809000
M-3586010,HWI,BR,6,4002000
M-2116565,HWI,BR,7,9387000
M-5550759,HWI,BR,2,5539000
M-5859686,HWI,BR,9,5920000
M-3584373,HWI,BR,10,5697000
M-2267321,HWI,NB,10,4854000
M-8906471,HWI,BR,1,9450000
M-8128045,HWI,NB,3,4396000
M-5358878,HWI,BR,4,5232000
M-8442746,HWI,NB,10,4939000
M-1862714,HWI,BR,10,5693000
M-8465667,HWI,BR,10,6564000
M-8364931,HWI,BR,5,5728000
M-5764031,HWI,BR,1,9638000
M-5280838,HWI,NB,9,4239000
M-4475755,HWI,BR,10,4363000
M-4206030,HWI,BR,9,5955000
M-2853658,HWI,NB,9,4536000
M-5576363,HWI,BR,4,9699000
M-1369006,HWI,BR,6,8696000
M-5769202,HWI,BR,1,8803000
M-2318766,HWI,NB,9,4006000
M-9619706,HWI,NB,7,4891000
M-8748234,HWI,BR,1,6770000
M-3475908,HWI,NB,7,4305000
M-9496476,HWI,BR,7,5998000
M-7723104,HWI,BR,5,9196000
M-2877527,HWI,NB,6,4673000
M-5951958,HWI,BR,7,6887000
M-1724075,HWI,BR,2,4184000
M-4054595,HWI,BR,10,7987000
M-9925020,HWI,BR,10,6131000
M-3392344,HWI,BR,10,7568000
M-4102623,HWI,NB,4,4775000
M-5549134,HWI,BR,9,7756000
M-5601756,HWI,BR,1,9667000
M-7740389,HWI,BR,4,4444000
M-2776230,HWI,BR,5,6130000
M-9803538,HWI,NB,3,4596000
M-3224117,HWI,BR,10,5160000
M-1467319,HWI,NB,4,4726000
M-8800937,HWI,BR,4,9242000
M-5987321,HWI,BR,8,8120000
M-4911600,HWI,BR,4,5939000
M-6009707,HWI,BR,9,9862000
M-7019500,HWI,BR,6,7581000
M-5586792,HWI,BR,9,9338000
M-9501757,HWI,BR,3,7649000
M-4385050,HWI,BR,10,4962000
M-5652392,HWI,NB,6,4249000
M-7114846,HWI,BR,10,6830000
M-3552144,HWI,BR,9,4798000
M-2849215,HWI,BR,6,4373000
M-9615197,HWI,BR,2,7999000
M-5207047,HWI,BR,7,9341000
M-4014834,HWI,BR,8,9624000
M-3674438,HWI,BR,4,9956000
M-3504730,HWI,BR,4,6349000
M-9549212,HWI,BR,10,6372000
M-2299404,HWI,NB,10,4391000
M-8103577,HWI,BR,8,4280000
M-4851311,HWI,NB,5,4275000
M-1458553,HWI,BR,4,8534000
M-6872120,HWI,BR,5,8973000
M-6825651,HWI,BR,6,8764000
M-4932963,HWI,BR,6,8013000
M-8773005,HWI,BR,10,5026000
M-9496460,HWI,BR,1,6307000
M-8270706,HWI,BR,3,7371000
M-5415884,HWI,BR,3,8047000
M-7395866,HWI,NB,7,4268000
M-4448005,HWI,BR,8,4244000
M-4667820,HWI,BR,9,9811000
M-6950636,HWI,BR,10,7130000
M-7297739,HWI,NB,9,4487000
M-1831877,HWI,BR,9,8884000
M-6934458,HWI,BR,3,7161000
M-1842292,HWI,BR,7,5745000
M-8777552,HWI,BR,2,4334000
M-2764337,HWI,BR,7,5095000
M-9878948,HWI,BR,2,6775000
M-4977183,HWI,BR,1,9275000
M-2286549,HWI,BR,9,7749000
M-5457634,HWI,BR,9,7559000
M-5590082,HWI,BR,4,4316000
M-2252213,HWI,NB,7,4736000
M-5040386,HWI,NB,7,4769000
M-8363391,HWI,NB,5,4981000
M-7859866,HWI,BR,1,5748000
M-6166989,HWI,NB,5,4694000
M-3917745,HWI,BR,10,5732000
M-5678172,HWI,BR,8,8047000
M-7755695,HWI,BR,10,4277000
M-7524065,HWI,NB,2,4746000
M-6937649,HWI,NB,4,4996000
M-4628620,HWI,NB,9,4655000
M-9029294,HWI,BR,9,8777000
M-1469495,HWI,BR,6,8885000
M-2758237,HWI,BR,8,5688000
M-3823980,HWI,BR,2,5090000
M-9503515,HWI,NB,5,4163000
M-1988617,HWI,BR,1,9440000
M-8683644,HWI,BR,1,5941000
M-1130256,HWI,BR,10,8527000
M-8750154,HWI,BR,7,9624000
M-4433844,HWI,NB,1,4046000
M-8492446,HWI,BR,4,7337000
M-5306310,HWI,BR,8,4537000
M-3934423,HWI,BR,6,9579000
M-5185531,HWI,BR,5,4224000
M-8848815,HWI,BR,8,8157000
M-7454356,HWI,BR,6,5281000
M-9023086,HWI,BR,2,9193000
M-2931380,HWI,NB,2,4694000
M-5151586,HWI,NB,10,4264000
M-8536094,HWI,NB,8,4897000
M-5427565,HWI,BR,10,4310000
M-2686676,HWI,BR,9,6861000
M-5503408,HWI,BR,9,5667000
M-3700475,HWI,NB,5,4830000
M-7587322,HWI,BR,8,9238000
M-9090953,HWI,NB,7,4238000
M-1936526,HWI,BR,2,6863000
M-1459215,HWI,NB,2,4796000
M-7557552,HWI,BR,3,5049000
M-9484261,HWI,NB,8,4764000
M-6489833,HWI,BR,6,4953000
M-6416153,HWI,BR,6,4305000
M-7950377,HWI,BR,4,9754000
M-6804247,HWI,BR,7,8990000
M-1745097,HWI,BR,1,9946000
M-7325758,HWI,BR,5,6140000
M-5735767,HWI,NB,2,4385000
M-6370650,HWI,BR,3,4968000
M-7639610,HWI,BR,7,7526000
M-9615836,HWI,NB,8,4216000
M-9636442,HWI,NB,5,4530000
M-2102559,HWI,BR,1,6102000
M-7040166,HWI,NB,10,4123000
M-3350800,HWI,BR,6,7520000
M-3412216,HWI,NB,7,4170000
M-7836040,HWI,NB,7,4693000
M-7717945,HWI,BR,5,7264000
M-4808248,HWI,BR,7,7961000
M-8526462,HWI,BR,6,7671000
M-2905363,HWI,BR,5,9723000
M-2365647,HWI,BR,5,9219000
M-9841235,HWI,NB,4,4230000
M-3343085,HWI,BR,5,8089000
M-1317882,HWI,BR,1,5709000
M-2155441,HWI,NB,2,4942000
M-4151673,HWI,BR,2,9619000
M-5235920,HWI,BR,9,5036000
M-6759458,HWI,NB,1,4134000
M-5626157,HWI,BR,6,4668000
M-9877641,HWI,BR,10,7384000
M-6599154,HWI,BR,10,4570000
M-7478323,HWI,BR,6,4342000
M-5512434,HWI,BR,9,7155000
M-2482268,HWI,BR,5,9727000
M-5596617,HWI,BR,7,8825000
M-5960612,HWI,BR,5,4420000
M-3276051,HWI,NB,6,4066000
M-7634115,HWI,BR,7,6022000
M-8061872,HWI,BR,1,4592000
M-3807022,HWI,BR,9,8336000
M-4762217,HWI,BR,6,7810000
M-3760975,HWI,BR,5,8021000
M-3264725,HWI,BR,8,5268000
M-9923768,HWI,BR,10,6652000
M-4711767,HWI,NB,4,4588000
M-3757417,HWI,BR,7,4836000
M-5417300,HWI,BR,1,8456000
M-9750835,HWI,BR,2,7518000
M-1123300,HWI,NB,1,4688000
M-1871548,HWI,BR,7,6106000
M-9308984,HWI,NB,5,4774000
M-1711476,HWI,BR,2,4945000
M-4296843,HWI,BR,3,7597000
M-3449158,HWI,BR,3,6850000
M-3745095,HWI,BR,6,7550000
M-9820349,HWI,NB,1,4111000
M-6348075,HWI,NB,6,4603000
M-6595991,HWI,BR,6,7888000
M-7315754,HWI,BR,5,5863000
M-1699191,HWI,BR,6,4932000
M-5908516,HWI,NB,9,4880000
M-6356561,HWI,BR,8,4146000
M-6632479,HWI,BR,9,7313000
M-6682061,HWI,BR,9,9600000
M-1234195,HWI,BR,7,4178000
M-4321197,HWI,BR,3,9456000
M-8652269,HWI,NB,3,4271000
M-5793197,HWI,BR,9,4795000
M-9907720,HWI,BR,7,9469000
M-8413178,HWI,NB,8,4138000
M-5833225,HWI,BR,3,7087000
M-7489917,HWI,NB,6,4223000
M-1550706,HWI,BR,3,7851000
M-7045645,HWI,BR,8,8697000
M-6924591,HWI,BR,6,8441000
M-5624815,HWI,NB,3,4226000
M-5274816,HWI,BR,4,4142000
M-2704010,HWI,NB,9,4462000
M-7545947,HWI,BR,5,5914000
M-1687296,HWI,BR,2,9208000
M-2815697,HWI,BR,10,8948000
M-2135550,HWI,BR,9,9740000
M-7002145,HWI,BR,2,8567000
M-7118736,HWI,BR,2,6364000
M-6938634,HWI,NB,9,4098000
M-8874665,HWI,BR,9,9630000
M-7977446,HWI,BR,6,6031000
M-3357958,HWI,BR,10,7557000
M-8765248,HWI,BR,10,5165000
M-1549514,HWI,BR,3,8170000
M-3950850,HWI,BR,5,7199000
M-9262911,HWI,BR,9,6001000
M-3031112,HWI,BR,1,5674000
M-1185441,HWI,BR,2,6468000
M-3851519,HWI,BR,5,9431000
M-2454842,HWI,NB,4,4535000
M-4436997,HWI,BR,5,4156000
M-4299892,HWI,BR,9,6135000
M-3973490,HWI,BR,7,4254000
M-6760151,HWI,NB,10,4735000
M-5434640,HWI,NB,5,4573000
M-8692461,HWI,NB,9,4309000
M-4509441,HWI,BR,9,5325000
M-6203879,HWI,BR,10,8220000
M-9362427,HWI,BR,1,6102000
M-8102527,HWI,BR,5,6414000
M-8722785,HWI,BR,10,9647000
M-5259452,HWI,NB,5,4859000
M-7171597,HWI,BR,10,5128000
M-7460751,HWI,BR,10,9421000
M-2927569,HWI,BR,1,8495000
M-6503646,HWI,BR,10,8233000
M-5557229,HWI,BR,10,5935000
M-8639833,HWI,NB,1,4767000
M-4153196,HWI,BR,9,4815000
M-4016285,HWI,BR,8,4879000
M-2381812,HWI,BR,2,8676000
M-4928242,HWI,BR,8,8169000
M-4183081,HWI,NB,10,4461000
M-5419308,HWI,BR,4,4557000
M-1512159,HWI,BR,3,9979000
M-9763618,HWI,BR,7,4589000
M-3422837,HWI,BR,10,8627000
M-5754167,HWI,BR,10,5927000
M-5801382,HWI,BR,4,8567000
M-5580172,HWI,BR,9,7256000
M-4985414,HWI,NB,4,4397000
M-4321860,HWI,NB,5,4754000
M-7959635,HWI,BR,5,7010000
M-5601083,HWI,BR,7,9952000
M-7771139,HWI,NB,3,4358000
M-4829570,HWI,BR,4,7038000
M-3746358,HWI,NB,7,4644000
M-4427051,HWI,BR,9,9711000
M-5335918,HWI,NB,6,4819000
M-7640162,HWI,BR,7,7258000
M-7750840,HWI,BR,1,5652000
M-8247097,HWI,BR,7,8238000
M-1951685,HWI,BR,9,6232000
M-7463680,HWI,NB,4,4236000
M-3791300,HWI,NB,7,4361000
M-6762278,HWI,BR,8,6674000
M-4249442,HWI,BR,9,4316000
M-4353058,HWI,BR,2,5128000
M-6754375,HWI,BR,8,9828000
M-9170588,HWI,BR,10,9785000
M-9807344,HWI,NB,6,4486000
M-3438101,HWI,NB,8,4470000
M-1122304,HWI,BR,9,8694000
M-3478530,HWI,BR,9,9721000
M-1774987,HWI,BR,5,5430000
M-7968282,HWI,BR,1,8811000
M-3501502,HWI,NB,7,4656000
M-2319769,HWI,BR,7,8706000
M-5664905,HWI,BR,1,7991000
M-7996970,HWI,NB,7,4363000
M-2173417,HWI,BR,3,9395000
M-4796141,HWI,BR,2,4194000
M-3281522,HWI,BR,8,6647000
M-8351602,HWI,BR,1,6255000
M-7198573,HWI,BR,7,5850000
M-3582182,HWI,NB,10,4466000
M-6333906,HWI,NB,5,4748000
M-1265412,HWI,BR,10,4721000
M-1490471,HWI,BR,9,6022000
M-4269509,HWI,BR,4,5210000
M-3875556,HWI,BR,7,4588000
M-6727435,HWI,BR,8,7198000
M-2269815,HWI,NB,5,4613000
M-6694893,HWI,NB,7,4843000
M-4418935,HWI,BR,10,6286000
M-9466478,HWI,NB,8,4160000
M-4620652,HWI,BR,1,9974000
M-5049055,HWI,BR,7,6891000
M-9901546,HWI,BR,1,7054000
M-2949616,HWI,BR,3,4229000
M-8155685,HWI,BR,10,6942000
M-5918107,HWI,BR,5,8680000
M-3529439,HWI,BR,6,4156000
M-1701783,HWI,NB,3,4670000
M-4850492,HWI,BR,2,4044000
M-1629366,HWI,BR,5,8213000
M-5226645,HWI,BR,8,5823000
M-4448670,HWI,BR,6,6600000
M-4984716,HWI,NB,2,4799000
M-4449111,HWI,BR,9,8759000
M-1827713,HWI,NB,8,4706000
M-8002953,HWI,BR,5,4229000
M-3330017,HWI,BR,2,4542000
M-8717420,HWI,BR,9,9626000
M-6791831,HWI,BR,3,5395000
M-4626503,HWI,BR,8,8641000
M-5960340,HWI,NB,5,4149000
M-3331724,HWI,BR,8,6019000
M-8517959,HWI,BR,1,6873000
M-1886214,HWI,BR,3,8349000
M-7902629,HWI,BR,7,7542000
M-5752568,HWI,BR,6,6096000
M-3252657,HWI,BR,1,5016000
M-5769335,HWI,BR,2,9472000
M-3945819,HWI,BR,1,6714000
M-3082391,HWI,NB,1,4038000
M-6890545,HWI,BR,1,4905000
M-8393355,HWI,BR,5,8249000
M-9708305,HWI,BR,10,4160000
M-8947301,HWI,NB,6,4650000
M-6992704,HWI,BR,5,8673000
M-7497640,HWI,BR,5,9450000
M-5547872,HWI,BR,10,6839000
M-5111096,HWI,BR,2,4989000
M-1162204,HWI,NB,10,4650000
M-9844494,HWI,NB,7,4826000
M-9255226,HWI,BR,8,5298000
M-3134458,HWI,NB,8,4879000
M-2389821,HWI,NB,8,4893000
M-4448001,HWI,NB,1,4667000
M-8482469,HWI,BR,3,4925000
M-5180756,HWI,BR,7,7163000
M-6537854,HWI,NB,6,4939000
M-1737622,HWI,BR,6,5210000
M-5794650,HWI,BR,5,5430000
M-9258417,HWI,BR,9,8981000
M-7023953,HWI,NB,1,4707000
M-9342844,HWI,BR,7,4599000
M-4455607,HWI,BR,8,6124000
M-9589690,HWI,NB,5,4010000
M-4855362,HWI,NB,9,4041000
M-8809746,HWI,BR,5,7589000
M-1790125,HWI,BR,7,7428000
M-3337687,HWI,BR,5,9947000
M-4149363,HWI,NB,7,4615000
M-7391319,HWI,BR,10,7064000
M-5506120,HWI,NB,8,4497000
M-5632873,HWI,NB,5,4493000
M-6703152,HWI,BR,3,8188000
M-2318591,HWI,BR,8,6932000
M-9680326,HWI,BR,10,9129000
M-4658032,HWI,NB,2,4750000
M-1177317,HWI,BR,10,6435000
M-2705980,HWI,BR,3,7980000
M-2036844,HWI,NB,7,4977000
M-2053272,HWI,NB,4,4362000
M-9835746,HWI,NB,3,4794000
M-9521316,HWI,BR,9,4048000
M-6875469,HWI,NB,5,4037000
M-4785476,HWI,BR,9,5900000
M-6527793,HWI,BR,5,5086000
M-6610694,HWI,NB,1,4213000
M-5437671,HWI,NB,5,4529000
M-8241514,HWI,NB,1,4925000
M-1533441,HWI,BR,8,8275000
M-2876876,HWI,BR,1,8369000
M-2018373,HWI,BR,7,5594000
M-9075998,HWI,BR,8,5855000
M-1480440,HWI,BR,4,6691000
M-5407922,HWI,BR,4,4443000
M-9250272,HWI,NB,4,4866000
M-4670154,HWI,BR,4,7894000
M-6044295,HWI,BR,3,5200000
M-8159386,HWI,BR,5,9142000
M-9064014,HWI,BR,6,8050000
M-1270591,HWI,BR,8,9018000
M-6348805,HWI,BR,9,5303000
M-7004602,HWI,BR,4,5672000
M-6172777,HWI,BR,6,4901000
M-4680929,HWI,BR,5,6806000
M-9027889,HWI,NB,5,4759000
M-9182336,HWI,BR,8,7064000
M-2525217,HWI,BR,7,6391000
M-4398337,HWI,BR,3,5266000
M-3374292,HWI,NB,2,4525000
M-6277550,HWI,BR,3,9865000
M-1342886,HWI,NB,9,4347000
M-9338809,HWI,BR,9,6256000
M-8856206,HWI,BR,4,4712000
M-9431767,HWI,BR,1,5093000
M-4710751,HWI,BR,5,7901000
M-5713243,HWI,BR,9,7200000
M-6622161,HWI,BR,7,7617000
M-8780071,HWI,NB,7,4384000
M-6402030,HWI,NB,3,4853000
M-8494517,HWI,BR,8,5271000
M-5267429,HWI,NB,5,4815000
M-8230286,HWI,BR,1,5286000
M-1897802,HWI,NB,3,4385000
M-6865339,HWI,NB,5,4181000
M-5564722,HWI,BR,3,7664000
M-4923013,HWI,NB,5,4241000
M-8304506,HWI,BR,8,6744000
M-8626481,HWI,BR,1,7358000
M-4412737,HWI,NB,1,4917000
M-1391460,HWI,NB,5,4143000
M-3244035,HWI,BR,7,8871000
M-1501127,HWI,BR,3,4418000
M-8927041,HWI,NB,6,4765000
M-8745344,HWI,BR,7,8337000
M-8664629,HWI,BR,7,8944000
M-4665455,HWI,BR,5,5167000
M-7208494,HWI,BR,8,8352000
M-3859863,HWI,BR,1,7794000
M-5262705,HWI,BR,7,9897000
M-8402818,HWI,BR,1,7561000
M-5241551,HWI,BR,1,8777000
M-8754780,HWI,NB,2,4707000
M-3037320,HWI,BR,4,5636000
M-6619751,HWI,BR,6,6568000
M-6059570,HWI,NB,7,4775000
M-3849166,HWI,BR,3,9244000
M-9977214,HWI,BR,5,5466000
M-9277871,HWI,BR,9,6961000
M-9768711,HWI,NB,10,4283000
M-4090639,HWI,BR,8,7084000
M-4580107,HWI,BR,5,5726000
M-3022411,HWI,BR,7,7459000
M-4274389,HWI,BR,10,8568000
M-7409460,HWI,BR,5,4518000
M-1535062,HWI,BR,6,7662000
M-9888573,HWI,BR,8,5457000
M-8172764,HWI,BR,4,5199000
M-4069712,HWI,BR,3,7248000
M-2464119,HWI,NB,6,4937000
M-2958240,HWI,BR,4,6854000
M-1911452,HWI,BR,8,7648000
M-4045553,HWI,BR,2,5692000
M-3005282,HWI,BR,5,7434000
M-9485012,HWI,BR,6,4641000
M-9613602,HWI,BR,5,5545000
M-2781909,HWI,BR,7,5815000
M-2708123,HWI,BR,6,8485000
M-2194936,HWI,BR,5,5448000
M-2310011,HWI,NB,1,4865000
M-2382969,HWI,BR,7,6660000
M-8949153,HWI,NB,4,4832000
M-7228311,HWI,BR,6,6810000
M-7874376,HWI,BR,2,6374000
M-9407236,HWI,BR,2,7542000
M-1600733,HWI,NB,9,4114000
M-6392310,HWI,NB,4,4373000
M-4613300,HWI,BR,2,9890000
M-5195418,HWI,BR,6,6585000
M-9715004,HWI,NB,5,4997000
M-5373482,HWI,BR,1,9332000
M-5960112,HWI,BR,4,6268000
M-4480273,HWI,NB,5,4022000
M-7903644,HWI,NB,7,4616000
M-2968817,HWI,BR,3,8888000
M-5930182,HWI,NB,5,4970000
M-3655956,HWI,NB,2,4476000
M-3167506,HWI,BR,7,6204000
M-9391270,HWI,BR,1,6532000
M-9860497,HWI,BR,5,5533000
M-1249947,HWI,BR,5,6655000
M-8449778,HWI,BR,8,8650000
M-9439354,HWI,BR,6,5475000
M-3493592,HWI,BR,1,7127000
M-7671909,HWI,BR,4,7567000
M-9792071,HWI,NB,4,4155000
M-1421917,HWI,NB,4,4690000
M-1696404,HWI,BR,3,4521000
M-4164186,HWI,BR,2,7983000
M-9245579,HWI,BR,5,6299000
M-2881467,HWI,NB,5,4891000
M-5513068,HWI,BR,7,4399000
M-7132939,HWI,NB,5,4772000
M-6690304,HWI,NB,10,4618000
M-4844388,HWI,BR,9,8009000
M-6224419,HWI,BR,7,6110000
M-7534096,HWI,BR,2,6009000
M-6834434,HWI,BR,7,5259000
M-8308135,HWI,BR,9,4929000
M-9759253,HWI,BR,9,9523000
M-3256581,HWI,NB,5,4374000
M-5583475,HWI,BR,7,4318000
M-9961637,HWI,NB,3,4331000
M-5581283,HWI,BR,5,8617000
M-5006224,HWI,BR,10,5160000
M-9040118,HWI,NB,3,4418000
M-1965306,HWI,NB,6,4901000
M-3337946,HWI,NB,9,4475000
M-3430982,HWI,BR,6,6750000
M-3033804,HWI,NB,7,4265000
M-1211755,HWI,NB,10,4015000
M-3959767,HWI,BR,2,4940000
M-6803116,HWI,BR,4,6645000
M-5565830,HWI,NB,4,4119000
M-6955734,HWI,NB,9,4161000
M-7341529,HWI,BR,7,7317000
M-4211382,HWI,NB,8,4035000
M-2275923,HWI,BR,8,8179000
M-8461570,HWI,BR,10,9902000
M-7219657,HWI,BR,3,4410000
M-7469565,HWI,NB,7,4415000
M-2605935,HWI,NB,5,4818000
M-4067570,HWI,BR,9,9514000
M-5608075,HWI,BR,2,4017000
M-3076744,HWI,BR,6,8584000
M-9336271,HWI,BR,10,8527000
M-5627537,HWI,BR,8,8161000
M-7435007,HWI,BR,1,5569000
M-4219950,HWI,NB,2,4121000
M-5949821,HWI,NB,2,4944000
M-8903231,HWI,NB,6,4701000
M-3622848,HWI,NB,9,4629000
M-8146219,HWI,BR,3,4668000
M-8193444,HWI,NB,3,4857000
M-7707453,HWI,NB,4,4276000
M-6401226,HWI,NB,3,4718000
M-4569105,HWI,BR,9,6219000
M-8802946,HWI,BR,5,5736000
M-7901918,HWI,BR,7,5819000
M-7699804,HWI,NB,4,4047000
M-8140928,HWI,BR,4,9292000
M-4721807,HWI,NB,4,4515000
M-6733396,HWI,NB,2,4263000
M-4801477,HWI,NB,2,4139000
M-4242823,HWI,BR,8,6071000
M-4764835,HWI,NB,4,4909000
M-3019023,HWI,NB,7,4013000
M-1485212,HWI,BR,8,5620000
M-5599260,HWI,BR,1,5791000
M-6043679,HWI,BR,8,4483000
M-4509237,HWI,NB,3,4868000
M-7590731,HWI,BR,6,4956000
M-9342868,HWI,BR,7,7124000
M-3004357,HWI,BR,7,9150000
M-7766093,HWI,NB,6,4056000
M-9240293,HWI,NB,10,4431000
M-2161314,HWI,NB,6,4483000
M-5290053,HWI,BR,9,5978000
M-4455928,HWI,BR,9,6675000
M-5363218,HWI,BR,7,5308000
M-6643473,HWI,BR,2,9894000
M-7480876,HWI,NB,6,4217000
M-3875943,HWI,NB,3,4507000
M-6138994,HWI,BR,9,9826000
M-8275626,HWI,BR,2,4857000
M-4191955,HWI,NB,6,4585000
M-4023195,HWI,BR,7,8903000
M-6356342,HWI,NB,2,4196000
M-6823613,HWI,BR,1,4747000
M-9406887,HWI,BR,8,8625000
M-7732465,HWI,BR,3,8376000
M-6090162,HWI,BR,9,4978000
M-8224572,HWI,BR,6,8656000
M-6563257,HWI,BR,10,4068000
M-2581290,HWI,BR,7,4645000
M-2991044,HWI,BR,2,4217000
M-5446535,HWI,BR,2,7704000
M-1345229,HWI,BR,9,4592000
M-3523365,HWI,BR,7,7999000
M-7740860,HWI,NB,10,4789000
M-6243901,HWI,BR,1,7375000
M-2207205,HWI,NB,3,4255000
M-6541682,HWI,BR,1,5233000
M-6980734,HWI,BR,8,7465000
M-8546249,HWI,NB,3,4433000
M-2395183,HWI,BR,1,6818000
M-5983962,HWI,BR,3,6990000
M-3560164,HWI,BR,1,6670000
M-6836741,HWI,BR,4,7798000
M-5990882,HWI,BR,5,8206000
M-1539422,HWI,BR,10,7113000
M-7334105,HWI,BR,1,9871000
M-4552309,HWI,BR,4,7618000
M-1206818,HWI,BR,1,5348000
M-1229254,HWI,BR,6,4041000
M-4122786,HWI,BR,7,7475000
M-8294586,HWI,BR,9,9187000
M-4410580,HWI,NB,10,4750000
M-3474567,HWI,NB,9,4467000
M-4820801,HWI,BR,7,7367000
M-8108403,HWI,NB,4,4733000
M-4371802,HWI,BR,4,8051000
M-2922781,HWI,NB,4,4474000
M-1671499,HWI,BR,7,6621000
M-1790394,HWI,BR,2,4328000
M-1993256,HWI,BR,6,8952000
M-2321243,HWI,BR,9,5795000
M-5656286,HWI,NB,5,4757000
M-4056047,HWI,BR,3,7587000
M-9613201,HWI,NB,9,4233000
M-8062916,HWI,NB,1,4201000
M-6997492,HWI,NB,10,4136000
M-7674019,HWI,BR,7,6035000
M-3621721,HWI,BR,9,4850000
M-9645044,HWI,BR,10,6417000
M-1603951,HWI,BR,1,7495000
M-5017336,HWI,BR,4,6310000
M-1446008,HWI,NB,2,4530000
M-9687081,HWI,NB,6,4067000
M-7345558,HWI,BR,4,7023000
M-3283503,HWI,NB,6,4389000
M-8514618,HWI,BR,7,5238000
M-8369192,HWI,NB,2,4849000
M-4991799,HWI,BR,6,6276000
M-7039653,HWI,BR,6,8959000
M-5216628,HWI,NB,9,4763000
M-8511783,HWI,NB,2,4810000
M-9007451,HWI,BR,4,9098000
M-4852536,HWI,BR,7,7991000
M-9525423,HWI,NB,5,4081000
M-2142770,HWI,BR,9,6638000
M-5105010,HWI,BR,9,6001000
M-4058953,HWI,BR,9,4031000
M-6785041,HWI,BR,1,5691000
M-7381742,HWI,BR,4,9189000
M-6469272,HWI,BR,6,6327000
M-7535696,HWI,NB,5,4610000
M-1676579,HWI,BR,7,9633000
M-1130222,HWI,BR,6,9815000
M-7077733,HWI,BR,7,9907000
M-6876561,HWI,BR,2,5073000
M-7661201,HWI,BR,4,6794000
M-6342180,HWI,BR,5,7486000
M-8984557,HWI,NB,1,4991000
M-1588395,HWI,NB,9,4098000
M-3232524,HWI,BR,10,8862000
M-6702660,HWI,BR,8,9056000
M-5015394,HWI,BR,9,5948000
M-3669436,HWI,BR,1,6429000
M-5840915,HWI,BR,5,5395000
M-3442562,HWI,BR,5,9996000
M-9690452,HWI,BR,5,4842000
M-7730231,HWI,BR,5,4060000
M-2562161,HWI,BR,8,5063000
M-4670076,HWI,NB,2,4391000
M-9032030,HWI,BR,8,8826000
M-4248601,HWI,BR,9,7939000
M-5710156,HWI,BR,9,5306000
M-2429313,HWI,BR,4,9767000
M-7905654,HWI,BR,6,9580000
M-7552297,HWI,BR,5,6701000
M-3525959,HWI,BR,7,8878000
M-1379007,HWI,NB,2,4721000
M-7083580,HWI,BR,7,6684000
M-4916746,HWI,NB,6,4057000
M-6421907,HWI,BR,1,8592000
M-5215478,HWI,BR,9,5172000
M-8063132,HWI,BR,7,5560000
M-4141743,HWI,NB,5,4457000
M-4764944,HWI,NB,8,4753000
M-9679298,HWI,NB,10,4530000
M-3637010,HWI,NB,3,4984000
M-9912061,HWI,BR,3,6657000
M-3650403,HWI,BR,8,6278000
M-4606199,HWI,BR,1,7029000
M-1856067,HWI,NB,3,4200000
M-6765247,HWI,BR,7,9790000
M-8913026,HWI,BR,5,9761000
M-4671822,HWI,NB,4,4897000
M-8302825,HWI,NB,9,4068000
M-2774231,HWI,BR,4,9356000
M-6024366,HWI,BR,8,9056000
M-9020811,HWI,BR,8,9974000
M-2656532,HWI,NB,7,4306000
M-3052827,HWI,NB,6,4606000
M-2748576,HWI,NB,2,4154000
M-6583665,HWI,BR,5,6392000
M-6000226,HWI,BR,7,9516000
M-8234154,HWI,BR,3,4595000
M-7235268,HWI,NB,5,4844000
M-9974905,HWI,BR,8,7445000
M-9102216,HWI,BR,4,7196000
M-6297748,HWI,NB,5,4281000
M-3578303,HWI,BR,6,9068000
M-1664241,HWI,NB,2,4358000
M-9400184,HWI,BR,1,6157000
M-9504455,HWI,BR,6,9391000
M-3987461,HWI,BR,7,9045000
M-6635766,HWI,BR,9,7134000
M-7295081,HWI,BR,2,6662000
M-5922798,HWI,BR,2,5477000
M-4905406,HWI,BR,4,7091000
M-5492545,HWI,BR,2,5684000
M-5174337,HWI,BR,10,7442000
M-3152480,HWI,BR,9,5725000
M-5371794,HWI,BR,4,6313000
M-9884550,HWI,NB,1,4468000
M-6832263,HWI,BR,2,5586000
M-2236338,HWI,NB,3,4721000
M-5355780,HWI,BR,5,6374000
M-7782527,HWI,NB,7,4538000
M-7452472,HWI,BR,3,8372000
M-9052067,HWI,BR,1,4205000
M-1986272,HWI,BR,2,5326000
M-2019363,HWI,NB,6,4940000
M-4527427,HWI,BR,7,8409000
M-2339530,HWI,NB,4,4833000
M-4495599,HWI,BR,5,6557000
M-7622778,HWI,NB,1,4648000
M-6070818,HWI,BR,2,4924000
M-5230317,HWI,NB,1,4943000
M-1526263,HWI,NB,7,4707000
M-1816840,HWI,BR,1,7023000
M-3168849,HWI,BR,1,9325000
M-3194944,HWI,NB,7,4084000
M-2835664,HWI,BR,8,5640000
M-5346799,HWI,BR,10,9440000
M-7074287,HWI,BR,10,8492000
M-4400659,HWI,NB,1,4344000
M-3888875,HWI,NB,6,4484000
M-2827607,HWI,BR,7,4376000
M-3519641,HWI,BR,5,8814000
M-1608265,HWI,BR,2,8300000
M-6709324,HWI,BR,1,8119000
M-8786671,HWI,BR,9,4320000
M-4270963,HWI,NB,3,4174000
M-7891352,HWI,BR,3,4233000
M-5431576,HWI,BR,7,4043000
M-6304256,HWI,NB,3,4250000
M-9005425,HWI,BR,6,8723000
M-9224276,HWI,BR,7,7279000
M-4373013,HWI,NB,1,4551000
M-7840772,HWI,NB,6,4568000
M-5030496,HWI,NB,10,4796000
M-3654987,HWI,BR,8,6589000
M-3740775,HWI,NB,8,4012000
M-2025249,HWI,BR,3,5719000
M-3911857,HWI,BR,8,4879000
M-2538082,HWI,BR,2,9496000
M-8957115,HWI,BR,5,9564000
M-4796347,HWI,BR,3,9146000
M-8067670,HWI,BR,2,8390000
M-4958516,HWI,BR,2,7325000
M-4457693,HWI,NB,9,4033000
M-1735942,HWI,BR,7,8723000
M-6519944,HWI,BR,1,6991000
M-1422853,HWI,NB,5,4723000
M-9875914,HWI,BR,6,6883000
M-3667701,HWI,BR,10,6226000
M-3354116,HWI,BR,2,6037000
M-1578862,HWI,BR,5,7411000
M-2130263,HWI,BR,4,5341000
M-8384004,HWI,BR,4,5715000
M-5326696,HWI,BR,9,5355000
M-4073437,HWI,BR,6,6827000
M-7148470,HWI,BR,10,9080000
M-1297819,HWI,BR,5,7003000
M-5090237,HWI,NB,3,4774000
M-8146890,HWI,BR,7,8749000
M-7310534,HWI,BR,7,8160000
M-3179306,HWI,BR,10,9114000
M-9710768,HWI,NB,10,4651000
M-4245587,HWI,BR,10,7285000
M-6305317,HWI,BR,3,6165000
M-8556161,HWI,BR,5,4596000
M-4239122,HWI,BR,9,4477000
M-8228801,HWI,NB,7,4031000
M-1180985,HWI,BR,1,7185000
M-5393602,HWI,NB,6,4979000
M-4905265,HWI,BR,10,9736000
M-1650389,HWI,BR,1,4973000
M-8350721,HWI,BR,10,4054000
M-4021359,HWI,NB,9,4606000
M-3546808,HWI,NB,5,4561000
M-6899712,HWI,BR,5,6456000
M-2438842,HWI,BR,1,4105000
M-7203518,HWI,BR,7,5012000
M-1228112,HWI,BR,9,7154000
M-8385967,HWI,BR,1,9611000
M-8151421,HWI,NB,8,4054000
M-8132210,HWI,BR,5,7319000
M-4525571,HWI,NB,1,4091000
M-9583494,HWI,BR,3,6603000
M-9003224,HWI,BR,3,6093000
M-3200582,HWI,NB,6,4396000
M-6057286,HWI,NB,6,4635000
M-3016616,HWI,NB,7,4880000
M-9692148,HWI,NB,7,4860000
M-7297656,HWI,BR,4,4967000
M-4929465,HWI,BR,5,4821000
M-5553758,HWI,NB,9,4225000
M-6693829,HWI,BR,6,5379000
M-8352290,HWI,NB,4,4183000
M-6762117,HWI,NB,3,4084000
M-2094056,HWI,BR,6,6593000
M-2472694,HWI,BR,9,4447000
M-2495053,HWI,BR,10,8652000
M-9633372,HWI,NB,8,4627000
M-2425763,HWI,BR,9,5832000
M-2730055,HWI,NB,4,4024000
M-8826541,HWI,BR,4,7295000
M-3689046,HWI,BR,7,6230000
M-5475047,HWI,NB,7,4054000
M-1162625,HWI,BR,9,8953000
M-4637520,HWI,NB,10,4020000
M-1252687,HWI,BR,3,6760000
M-4191682,HWI,BR,9,8857000
M-2757298,HWI,NB,3,4466000
M-3376342,HWI,NB,3,4117000
M-4717920,HWI,BR,3,7749000
M-9891570,HWI,BR,4,8214000
M-5442280,HWI,NB,4,4383000
M-7213763,HWI,BR,9,9477000
M-6344431,HWI,NB,1,4898000
M-6040174,HWI,BR,7,5865000
M-8133910,HWI,BR,1,8868000
M-6807729,HWI,NB,2,4065000
M-3417429,HWI,NB,5,4695000
M-8483375,HWI,NB,9,4343000
M-8364400,HWI,BR,3,9305000
M-6099788,HWI,BR,5,7870000
M-7204191,HWI,BR,9,6610000
M-5096281,HWI,BR,4,6888000
M-9559248,HWI,NB,2,4512000
M-2471584,HWI,BR,9,7429000
M-7683722,HWI,BR,5,6455000
M-9568861,HWI,NB,10,4831000
M-4232533,HWI,BR,4,9820000
M-5624880,HWI,BR,6,6760000
M-9309388,HWI,BR,10,5659000
M-5881093,HWI,BR,9,7121000
M-9596953,HWI,BR,4,6493000
M-7231243,HWI,NB,6,4454000
M-6298560,HWI,BR,5,9085000
M-5431278,HWI,NB,6,4049000
M-2488294,HWI,NB,10,4092000
M-6822526,HWI,BR,7,4014000
M-9959932,HWI,BR,7,5125000
M-6620090,HWI,BR,4,8353000
M-3171726,HWI,BR,3,4273000
M-4751511,HWI,BR,1,5036000
M-5358157,HWI,BR,9,4480000
M-3215100,HWI,BR,1,9524000
M-2745140,HWI,BR,5,9068000
M-3164189,HWI,BR,4,4826000
M-4191530,HWI,NB,7,4142000
M-7965238,HWI,NB,10,4432000
M-8259555,HWI,NB,1,4218000
M-2403817,HWI,BR,4,5402000
M-7027126,HWI,BR,3,4562000
M-7490462,HWI,BR,1,4798000
M-2528841,HWI,BR,2,8961000
M-5707459,HWI,BR,1,8118000
M-9392556,HWI,BR,8,8596000
M-9842988,HWI,BR,1,4157000
M-1325546,HWI,BR,2,9042000
M-9221730,HWI,BR,8,4148000
M-3882970,HWI,BR,4,9037000
M-9514384,HWI,BR,4,5367000
M-4525970,HWI,NB,8,4320000
M-6750053,HWI,BR,10,8834000
M-4490478,HWI,BR,9,7889000
M-9474343,HWI,NB,5,4133000
N-8045837,MWI,BR,3,3923000
N-3659633,MWI,BR,5,4468000
N-5715324,MWI,BR,7,4075000
N-5273575,MWI,NB,3,3025000
N-2247254,MWI,NB,2,2922000
N-9805104,MWI,NB,2,3159000
N-2084087,MWI,NB,5,2420000
N-4781791,MWI,BR,5,3754000
N-8418725,MWI,BR,3,3084000
N-6314976,MWI,BR,5,2434000
N-8537795,MWI,BR,3,4885000
N-8053194,MWI,BR,3,2434000
N-4207159,MWI,BR,4,2983000
N-1379195,MWI,BR,10,3880000
N-3755209,MWI,NB,9,3165000
N-8537428,MWI,NB,9,2908000
N-8028889,MWI,NB,8,2989000
N-1830525,MWI,BR,9,2525000
N-8509044,MWI,NB,6,3104000
N-5458164,MWI,NB,4,2536000
N-8398984,MWI,BR,2,2548000
N-7132812,MWI,BR,7,4881000
N-5072812,MWI,BR,8,3252000
N-1743662,MWI,NB,7,2383000
N-4493677,MWI,BR,6,2641000
N-3060159,MWI,NB,3,2513000
N-3701286,MWI,NB,10,2035000
N-4728230,MWI,NB,7,3061000
N-4378816,MWI,NB,6,2886000
N-1622277,MWI,BR,8,4084000
N-8189008,MWI,BR,7,4496000
N-6892765,MWI,BR,1,3072000
N-6326579,MWI,NB,5,3487000
N-7237114,MWI,BR,10,3208000
N-3041413,MWI,BR,7,3052000
N-4236410,MWI,BR,8,2923000
N-1209621,MWI,BR,2,3711000
N-3334041,MWI,BR,4,2599000
N-6657037,MWI,BR,4,4258000
N-3239434,MWI,BR,5,2693000
N-4709668,MWI,BR,9,3225000
N-1510664,MWI,BR,4,4867000
N-3350909,MWI,BR,4,4338000
N-1973040,MWI,BR,3,4366000
N-8857323,MWI,BR,7,3653000
N-3528705,MWI,NB,1,3333000
N-3847184,MWI,NB,4,2732000
N-9882512,MWI,NB,3,2431000
N-1250738,MWI,BR,9,4503000
N-6938913,MWI,BR,7,4048000
N-8510988,MWI,BR,8,4778000
N-4500412,MWI,BR,10,3949000
N-2534983,MWI,NB,1,3046000
N-5936843,MWI,NB,2,2621000
N-7538400,MWI,NB,5,3388000
N-7837264,MWI,NB,10,2105000
N-4716342,MWI,BR,1,4203000
N-5138734,MWI,BR,9,2520000
N-2166979,MWI,BR,1,4158000
N-7245947,MWI,BR,9,2194000
N-8471652,MWI,NB,5,2742000
N-2989116,MWI,BR,6,3801000
N-1768924,MWI,BR,1,4357000
N-4216500,MWI,BR,4,3749000
N-3114454,MWI,BR,1,4542000
N-8896665,MWI,BR,7,4952000
N-7975107,MWI,NB,4,3095000
N-3013924,MWI,NB,7,2127000
N-4850360,MWI,BR,5,4773000
N-2924329,MWI,BR,1,4924000
N-6290336,MWI,NB,10,2242000
N-5575353,MWI,NB,7,2885000
N-6036778,MWI,NB,7,3064000
N-3777926,MWI,BR,6,2201000
N-3555069,MWI,NB,7,3273000
N-1398783,MWI,NB,8,3124000
N-5402780,MWI,BR,10,4919000
N-3834905,MWI,BR,2,3195000
N-1424028,MWI,BR,9,2572000
N-6981726,MWI,BR,5,3207000
N-4498548,MWI,NB,1,3336000
N-8734447,MWI,BR,9,3343000
N-9655877,MWI,BR,9,2336000
N-1469297,MWI,BR,4,2276000
N-3706169,MWI,NB,4,2520000
N-5618959,MWI,BR,8,4063000
N-7061704,MWI,NB,2,2232000
N-5827137,MWI,NB,9,2726000
N-9491249,MWI,NB,8,2817000
N-1999902,MWI,BR,2,3280000
N-4534211,MWI,BR,5,2919000
N-7844783,MWI,BR,7,2873000
N-6145291,MWI,BR,6,3816000
N-8679141,MWI,NB,2,2452000
N-4549340,MWI,BR,7,4853000
N-3987721,MWI,NB,8,2138000
N-5148597,MWI,BR,6,4621000
N-8545688,MWI,NB,10,2352000
N-9812698,MWI,BR,9,4136000
N-6871776,MWI,BR,7,3396000
N-9365933,MWI,BR,6,2411000
N-6238971,MWI,NB,1,2759000
N-4783216,MWI,NB,2,2485000
N-3866972,MWI,BR,4,2198000
N-6934611,MWI,NB,1,2430000
N-1725537,MWI,BR,6,3440000
N-3720114,MWI,BR,10,2872000
N-4406590,MWI,NB,4,2030000
N-9460388,MWI,BR,5,4987000
N-9143459,MWI,NB,8,2584000
N-3205930,MWI,NB,6,2551000
N-6601924,MWI,BR,8,2446000
N-9655841,MWI,NB,10,3168000
N-5434882,MWI,BR,3,2932000
N-3028763,MWI,NB,4,2931000
N-8126300,MWI,NB,7,3427000
N-5849763,MWI,BR,6,3326000
N-7410426,MWI,BR,9,3172000
N-9680223,MWI,BR,8,2626000
N-9124512,MWI,NB,7,3135000
N-8773267,MWI,BR,1,4124000
N-4291430,MWI,BR,5,2503000
N-1300249,MWI,BR,1,3943000
N-6086071,MWI,BR,10,2532000
N-6203845,MWI,BR,3,4591000
N-7638789,MWI,BR,4,2087000
N-5184127,MWI,BR,9,2240000
N-1160874,MWI,BR,5,2439000
N-8184373,MWI,BR,3,2589000
N-2615221,MWI,BR,10,4526000
N-8862535,MWI,BR,10,2278000
N-8638066,MWI,BR,2,3216000
N-5895497,MWI,BR,7,4284000
N-7506351,MWI,BR,5,2686000
N-6673435,MWI,BR,10,4232000
N-5526824,MWI,BR,7,2264000
N-5408302,MWI,BR,6,2906000
N-3661113,MWI,BR,2,4902000
N-3287505,MWI,BR,2,4255000
N-1942705,MWI,BR,1,3832000
N-9827061,MWI,BR,10,3707000
N-5697854,MWI,BR,3,2310000
N-5091378,MWI,NB,3,3188000
N-7657981,MWI,BR,9,4351000
N-9032733,MWI,BR,3,4870000
N-9232722,MWI,BR,10,2920000
N-6119052,MWI,BR,8,2804000
N-2763680,MWI,BR,2,3940000
N-3865246,MWI,BR,5,2309000
N-5950119,MWI,BR,2,3048000
N-8151340,MWI,NB,9,2082000
N-1506575,MWI,BR,7,2570000
N-1300670,MWI,BR,5,3593000
N-1596885,MWI,BR,10,3515000
N-4196710,MWI,BR,6,2645000
N-6575812,MWI,BR,6,3358000
N-4876390,MWI,BR,8,2398000
N-1651292,MWI,NB,6,2673000
N-4802524,MWI,BR,2,4132000
N-4237307,MWI,BR,5,2612000
N-5874559,MWI,BR,8,2347000
N-7402653,MWI,BR,4,3083000
N-8085491,MWI,NB,1,2758000
N-2112812,MWI,BR,3,3014000
N-3566529,MWI,BR,6,4465000
N-6507263,MWI,NB,8,2095000
N-9947906,MWI,BR,6,4010000
N-5827436,MWI,BR,2,3677000
N-1456096,MWI,NB,10,2054000
N-5129067,MWI,BR,8,2190000
N-4928414,MWI,BR,7,2778000
N-7650213,MWI,NB,6,3052000
N-8171259,MWI,NB,5,3239000
N-6231933,MWI,NB,2,2117000
N-4383278,MWI,NB,1,2235000
N-8058144,MWI,NB,3,2401000
N-7404962,MWI,BR,5,3840000
N-4476602,MWI,BR,6,3779000
N-7327730,MWI,BR,5,4601000
N-7042672,MWI,NB,4,3036000
N-5705469,MWI,NB,3,2238000
N-4895850,MWI,NB,8,3422000
N-3339461,MWI,BR,6,3008000
N-4128308,MWI,NB,8,2053000
N-7251177,MWI,BR,5,3450000
N-7924956,MWI,BR,7,2027000
N-6994077,MWI,BR,5,4376000
N-6016196,MWI,BR,3,4183000
N-7568231,MWI,NB,7,3406000
N-5562394,MWI,BR,5,2858000
N-3359573,MWI,BR,9,4831000
N-3686866,MWI,NB,9,2674000
N-8081079,MWI,BR,2,4292000
N-9001108,MWI,BR,8,2311000
N-7398906,MWI,NB,10,2667000
N-3692936,MWI,NB,7,2751000
N-9667633,MWI,NB,9,2253000
N-6489822,MWI,BR,3,4963000
N-2732503,MWI,NB,8,3122000
N-8918765,MWI,BR,6,2874000
N-3181996,MWI,BR,9,3818000
N-1862145,MWI,NB,9,3074000
N-4553441,MWI,NB,9,2664000
N-2435383,MWI,NB,9,2543000
N-1517152,MWI,BR,1,4523000
N-7166710,MWI,NB,3,2543000
N-4905171,MWI,NB,3,2257000
N-3937712,MWI,BR,9,4097000
N-5508059,MWI,BR,9,2305000
N-3267050,MWI,BR,10,2961000
N-8339852,MWI,BR,9,2523000
N-1623608,MWI,NB,10,3321000
N-4745666,MWI,BR,1,2805000
N-5685279,MWI,BR,3,4025000
N-9708679,MWI,BR,4,2290000
N-1129626,MWI,BR,5,2879000
N-5296595,MWI,BR,4,2617000
N-3267254,MWI,NB,4,2610000
N-2540074,MWI,BR,7,3938000
N-3305484,MWI,NB,1,2514000
N-4100322,MWI,BR,5,3236000
N-8437666,MWI,BR,5,4836000
N-2300513,MWI,BR,7,4773000
N-2965224,MWI,BR,4,3347000
N-7188888,MWI,BR,2,4752000
N-5509412,MWI,BR,8,3961000
N-5025360,MWI,BR,3,3366000
N-3376245,MWI,BR,1,3176000
N-8706486,MWI,NB,2,2186000
N-7842025,MWI,BR,2,3025000
N-5270856,MWI,BR,7,2170000
N-9849242,MWI,BR,6,4659000
N-9105344,MWI,NB,5,2940000
N-1446929,MWI,BR,1,3454000
N-6703587,MWI,BR,8,3387000
N-5538184,MWI,BR,1,4073000
N-1258530,MWI,BR,1,2252000
N-3361986,MWI,BR,9,3394000
N-5010045,MWI,NB,2,2358000
N-8899504,MWI,BR,5,2994000
N-9605403,MWI,BR,2,3475000
N-3296360,MWI,BR,8,3325000
N-3538550,MWI,NB,8,3365000
N-7478808,MWI,NB,1,3321000
N-2265012,MWI,NB,8,3024000
N-6721549,MWI,BR,8,2424000
N-3952852,MWI,BR,8,3407000
N-5136997,MWI,BR,10,4160000
N-3111071,MWI,NB,10,3390000
N-6121666,MWI,NB,6,3447000
N-8753470,MWI,NB,8,3391000
N-3823396,MWI,NB,4,2859000
N-7700610,MWI,NB,10,2472000
N-2148866,MWI,BR,1,3424000
N-1619160,MWI,BR,2,3434000
N-8857258,MWI,BR,7,4164000
N-5819695,MWI,BR,3,2101000
N-2670999,MWI,NB,5,3473000
N-1371651,MWI,BR,1,2932000
N-8128391,MWI,BR,4,2249000
N-4671024,MWI,BR,7,3842000
N-7336140,MWI,BR,10,3033000
N-9679834,MWI,BR,10,4918000
N-3570957,MWI,BR,1,2051000
N-2262175,MWI,NB,3,2165000
N-3097954,MWI,BR,2,3842000
N-7518837,MWI,NB,3,3305000
N-5907086,MWI,NB,2,3215000
N-7771906,MWI,NB,5,3472000
N-7687549,MWI,BR,7,4559000
N-9801659,MWI,NB,5,2958000
N-2331529,MWI,BR,2,2526000
N-4609023,MWI,BR,7,3687000
N-4198273,MWI,BR,5,3182000
N-8375735,MWI,BR,6,4932000
N-8202340,MWI,BR,10,4818000
N-4018026,MWI,BR,2,3980000
N-7436180,MWI,BR,8,4279000
N-3381519,MWI,BR,10,2197000
N-2442337,MWI,NB,8,2044000
N-9080993,MWI,BR,8,4061000
N-2641543,MWI,NB,7,3061000
N-3803238,MWI,NB,5,3164000
N-1799291,MWI,BR,9,4045000
N-8749182,MWI,BR,8,3616000
N-3108975,MWI,BR,10,3363000
N-3486298,MWI,NB,3,3217000
N-9545999,MWI,NB,2,2551000
N-3358630,MWI,BR,10,4749000
N-9573773,MWI,BR,2,2208000
N-5309181,MWI,BR,1,2786000
N-7432726,MWI,BR,8,2684000
N-4779142,MWI,BR,2,3864000
N-4987153,MWI,NB,2,2424000
N-5052837,MWI,NB,8,2047000
N-8525525,MWI,NB,8,2830000
N-5475430,MWI,BR,10,3774000
N-5545891,MWI,BR,1,4028000
N-5474393,MWI,BR,6,2713000
N-3706527,MWI,BR,6,2949000
N-5093531,MWI,BR,8,4336000
N-3595927,MWI,NB,1,2041000
N-2183948,MWI,BR,7,4352000
N-5512517,MWI,BR,3,4983000
N-9567051,MWI,BR,8,2075000
N-6574050,MWI,BR,7,2678000
N-2952084,MWI,NB,9,3290000
N-3623936,MWI,BR,8,4197000
N-8255951,MWI,BR,3,2279000
N-9262851,MWI,BR,2,3155000
N-3996908,MWI,BR,5,4436000
N-2705261,MWI,BR,9,4854000
N-6475972,MWI,NB,2,3442000
N-9780218,MWI,BR,10,4853000
N-8078230,MWI,BR,9,2595000
N-6712619,MWI,NB,7,2739000
N-4800034,MWI,BR,5,4410000
N-1881413,MWI,NB,2,2058000
N-5043044,MWI,BR,5,2045000
N-3916059,MWI,NB,6,2166000
N-3124383,MWI,BR,5,3544000
N-7281846,MWI,BR,2,3556000
N-3071962,MWI,BR,8,2992000
N-4575675,MWI,NB,4,3202000
N-2068415,MWI,BR,5,2340000
N-9799733,MWI,BR,2,2422000
N-5970062,MWI,NB,8,3018000
N-9636946,MWI,NB,5,3490000
N-5972933,MWI,BR,7,4888000
N-9167558,MWI,NB,2,2273000
N-1489325,MWI,BR,1,3866000
N-4618929,MWI,BR,1,4487000
N-9390180,MWI,BR,3,3008000
N-1491216,MWI,NB,10,2637000
N-9370681,MWI,BR,4,4414000
N-3968842,MWI,NB,9,2977000
N-8065366,MWI,NB,2,2247000
N-5454849,MWI,NB,5,3149000
N-8954377,MWI,NB,5,2270000
N-2983520,MWI,BR,7,3633000
N-3826957,MWI,BR,1,4323000
N-4796763,MWI,BR,3,3137000
N-6140238,MWI,BR,7,2752000
N-6044336,MWI,NB,2,2714000
N-7081965,MWI,NB,4,3025000
N-4275062,MWI,NB,3,2957000
N-7034566,MWI,NB,7,3246000
N-5847407,MWI,BR,6,3776000
N-8973367,MWI,NB,2,2672000
N-5319784,MWI,NB,8,2607000
N-3819896,MWI,BR,5,3786000
N-8174804,MWI,BR,7,4644000
N-3284074,MWI,BR,8,2477000
N-9858026,MWI,BR,9,4468000
N-2835604,MWI,BR,10,3857000
N-7890412,MWI,BR,10,4905000
N-1501445,MWI,BR,8,4200000
N-8740486,MWI,BR,5,2369000
N-9753979,MWI,BR,4,2300000
N-8273588,MWI,BR,8,2927000
N-3392012,MWI,BR,7,4423000
N-7671355,MWI,NB,4,2790000
N-6487145,MWI,BR,6,3793000
N-5729482,MWI,NB,2,3338000
N-1535881,MWI,BR,10,4645000
N-4834630,MWI,NB,9,2317000
N-1846833,MWI,BR,4,4888000
N-6099862,MWI,NB,10,2803000
N-8634811,MWI,BR,2,4959000
N-2953504,MWI,NB,10,2173000
N-6673851,MWI,BR,4,2416000
N-5677735,MWI,BR,2,3830000
N-1978734,MWI,NB,7,2920000
N-8258124,MWI,BR,3,3919000
N-2857681,MWI,BR,1,2385000
N-3749690,MWI,NB,9,2490000
N-4908550,MWI,NB,6,3453000
N-2656678,MWI,BR,10,3209000
N-5564801,MWI,BR,7,3689000
N-6147250,MWI,BR,3,4739000
N-7657108,MWI,BR,1,3613000
N-6785035,MWI,BR,1,3007000
N-4635594,MWI,NB,6,2910000
N-4441429,MWI,BR,5,4158000
N-8371216,MWI,NB,4,2831000
N-8312938,MWI,NB,10,2674000
N-5951336,MWI,BR,4,4304000
N-3124451,MWI,BR,7,4163000
N-9680293,MWI,NB,1,3085000
N-1974636,MWI,BR,4,3617000
N-5828840,MWI,BR,10,3135000
N-9342014,MWI,BR,1,2438000
N-4292270,MWI,BR,1,3631000
N-2180137,MWI,BR,8,2660000
N-6311760,MWI,BR,10,2484000
N-6027886,MWI,BR,5,3901000
N-6415516,MWI,BR,7,2017000
N-5216770,MWI,NB,3,2705000
N-9842146,MWI,BR,1,4996000
N-2557090,MWI,BR,9,3357000
N-1163330,MWI,BR,9,3119000
N-2924072,MWI,BR,3,3901000
N-8386995,MWI,BR,5,2925000
N-1289261,MWI,BR,7,2228000
N-1430419,MWI,BR,3,3560000
N-6070161,MWI,NB,10,3391000
N-3349606,MWI,BR,2,2176000
N-4882422,MWI,BR,4,4410000
N-5878824,MWI,BR,4,4955000
N-5494046,MWI,BR,7,3502000
N-6042537,MWI,NB,3,2366000
N-1719846,MWI,NB,9,2172000
N-6245125,MWI,NB,1,3411000
N-9205987,MWI,NB,7,2177000
N-2491441,MWI,BR,9,4377000
N-6936608,MWI,BR,5,4786000
N-7803400,MWI,BR,7,3515000
N-2884230,MWI,NB,6,2864000
N-9759818,MWI,BR,1,2949000
N-6450429,MWI,BR,2,4979000
N-8678485,MWI,NB,10,2539000
N-8211273,MWI,NB,10,2627000
N-6395281,MWI,BR,9,3997000
N-3128158,MWI,BR,8,3736000
N-1956840,MWI,NB,3,2319000
N-9932250,MWI,BR,2,4065000
N-6769814,MWI,BR,10,2503000
N-3236653,MWI,BR,2,4333000
N-3427620,MWI,BR,4,4232000
N-8486649,MWI,BR,3,4883000
N-8123288,MWI,BR,4,2290000
N-3203078,MWI,BR,3,2878000
N-7424828,MWI,NB,4,2627000
N-8165513,MWI,BR,10,2218000
N-6582006,MWI,BR,1,2479000
N-8843762,MWI,BR,7,4325000
N-1287865,MWI,BR,3,2437000
N-3909624,MWI,NB,7,2167000
N-9385340,MWI,BR,5,2221000
N-3135632,MWI,NB,9,2198000
N-1625467,MWI,BR,3,4362000
N-2792612,MWI,BR,9,2330000
N-7564102,MWI,NB,3,2633000
N-6973117,MWI,NB,6,3266000
N-6301681,MWI,NB,5,2376000
N-4313147,MWI,NB,5,2892000
N-6635667,MWI,NB,6,2222000
N-2888618,MWI,BR,10,4899000
N-5381047,MWI,BR,10,3595000
N-8749601,MWI,BR,8,4772000
N-9190553,MWI,BR,6,4660000
N-5094436,MWI,NB,10,3374000
N-1892539,MWI,NB,7,2580000
N-1869767,MWI,NB,6,3387000
N-3564768,MWI,BR,6,3092000
N-2363633,MWI,BR,1,2715000
N-4496996,MWI,BR,4,3920000
N-2855436,MWI,BR,8,2489000
N-8830492,MWI,BR,7,2497000
N-4617167,MWI,NB,7,2507000
N-9756841,MWI,BR,9,3192000
N-3116553,MWI,BR,1,4909000
N-1958852,MWI,BR,9,2479000
N-6042745,MWI,NB,3,2471000
N-6999429,MWI,BR,9,2385000
N-8052627,MWI,BR,4,4159000
N-9299675,MWI,BR,2,4620000
N-4944233,MWI,BR,9,3339000
N-2354306,MWI,NB,2,3019000
N-9250422,MWI,NB,4,2980000
N-9855556,MWI,NB,2,2008000
N-8279423,MWI,BR,5,4124000
N-3070751,MWI,BR,3,4513000
N-6417305,MWI,NB,8,3124000
N-4131752,MWI,NB,9,3373000
N-5465413,MWI,BR,7,4203000
N-5376351,MWI,BR,7,3084000
N-6029297,MWI,BR,3,3915000
N-8176140,MWI,BR,2,3799000
N-3988763,MWI,NB,10,3149000
N-1953957,MWI,BR,3,3770000
N-2297456,MWI,NB,2,2083000
N-9633784,MWI,NB,6,3109000
N-7598955,MWI,BR,4,3685000
N-8263443,MWI,BR,9,3616000
N-1637611,MWI,BR,6,2408000
N-4789709,MWI,BR,8,4991000
N-2776652,MWI,BR,4,4230000
N-2846716,MWI,BR,5,2411000
N-9386401,MWI,BR,6,3038000
N-5256676,MWI,NB,3,2547000
N-5219443,MWI,BR,4,4426000
N-2382832,MWI,BR,6,2746000
N-4521935,MWI,BR,9,2576000
N-8388030,MWI,BR,1,3514000
N-8504471,MWI,NB,6,2920000
N-9458259,MWI,BR,5,4933000
N-2166336,MWI,BR,8,2276000
N-5724681,MWI,BR,1,4458000
N-8592075,MWI,BR,7,3012000
N-5832667,MWI,NB,8,2117000
N-3389178,MWI,NB,2,2043000
N-4728176,MWI,NB,4,3256000
N-4435468,MWI,BR,2,2924000
N-5033938,MWI,BR,4,4842000
N-6192390,MWI,BR,7,4721000
N-8607308,MWI,BR,3,4621000
N-9856552,MWI,BR,3,3192000
N-7796156,MWI,BR,2,2642000
N-7872506,MWI,BR,10,2217000
N-5581719,MWI,BR,6,2404000
N-5140484,MWI,NB,4,3005000
N-8949439,MWI,BR,9,2075000
N-7850999,MWI,BR,5,4139000
N-1290815,MWI,BR,5,4863000
N-3198234,MWI,NB,2,2705000
N-8012463,MWI,BR,8,3321000
N-3400991,MWI,BR,4,4646000
N-6629973,MWI,BR,6,4062000
N-4888748,MWI,BR,2,2273000
N-4291583,MWI,BR,3,2337000
N-3409304,MWI,NB,4,3161000
N-3250643,MWI,BR,5,3578000
N-3480989,MWI,NB,9,2009000
N-2433905,MWI,NB,1,2590000
N-3044213,MWI,BR,7,4837000
N-9626455,MWI,NB,7,2568000
N-1570395,MWI,NB,3,2340000
N-8545880,MWI,BR,2,3209000
N-4752093,MWI,BR,10,3043000
N-1755061,MWI,NB,3,2592000
N-1424233,MWI,BR,4,4991000
N-9774370,MWI,BR,5,2049000
N-6813219,MWI,BR,6,2425000
N-5641790,MWI,NB,5,2622000
N-6192323,MWI,NB,10,2555000
N-4218846,MWI,NB,5,3201000
N-8414676,MWI,BR,8,3429000
N-1587242,MWI,BR,9,2938000
N-5528991,MWI,BR,3,2717000
N-1132135,MWI,BR,8,3421000
N-1242307,MWI,BR,3,4522000
N-4357256,MWI,BR,9,2094000
N-4852979,MWI,BR,1,4168000
N-1448085,MWI,BR,5,4616000
N-7544343,MWI,NB,4,2310000
N-2216271,MWI,NB,3,2008000
N-9535402,MWI,BR,8,2586000
N-2519685,MWI,BR,4,4179000
N-4106552,MWI,BR,6,2093000
N-2647184,MWI,BR,4,4593000
N-2065119,MWI,BR,5,4879000
N-3798990,MWI,BR,9,2259000
N-6944495,MWI,BR,10,2732000
N-5747839,MWI,BR,5,3030000
N-7218481,MWI,NB,5,3468000
N-9617503,MWI,BR,1,3651000
N-3768064,MWI,NB,3,2787000
N-5099081,MWI,NB,6,3174000
N-9091473,MWI,NB,8,2329000
N-5170070,MWI,BR,6,2740000
N-4760283,MWI,BR,4,3712000
N-5714460,MWI,BR,1,3679000
N-5227978,MWI,NB,4,2951000
N-5177817,MWI,BR,1,2250000
N-2691914,MWI,NB,2,2429000
N-6792634,MWI,NB,8,2903000
N-3712607,MWI,BR,6,4071000
N-1819012,MWI,NB,10,3155000
N-9939780,MWI,BR,10,4398000
N-5464810,MWI,BR,5,3699000
N-8816941,MWI,BR,8,3786000
N-4574142,MWI,NB,6,3173000
N-8542118,MWI,BR,2,2241000
N-1174685,MWI,NB,1,2056000
N-8793945,MWI,BR,9,2564000
N-1947310,MWI,BR,10,3794000
N-4078466,MWI,BR,9,2919000
N-4631163,MWI,BR,9,2485000
N-2293793,MWI,BR,9,3839000
N-6150846,MWI,BR,6,2897000
N-4918802,MWI,BR,8,4924000
N-5797348,MWI,BR,10,4143000
N-7229801,MWI,BR,2,3227000
N-4561729,MWI,BR,10,2180000
N-2418652,MWI,NB,6,2955000
N-2031734,MWI,NB,1,3301000
N-7709011,MWI,NB,1,2443000
N-2336098,MWI,BR,7,4117000
N-7078976,MWI,BR,5,4850000
N-6129051,MWI,NB,8,2703000
N-7502915,MWI,BR,6,2146000
N-8512081,MWI,NB,5,3261000
N-7716482,MWI,BR,1,4150000
N-6184563,MWI,NB,7,2256000
N-9982644,MWI,BR,4,2277000
N-1427521,MWI,NB,4,2373000
N-3215092,MWI,BR,8,3775000
N-5507263,MWI,BR,2,3569000
N-7919626,MWI,BR,10,4330000
N-5267104,MWI,BR,2,4634000
N-6125484,MWI,BR,5,4350000
N-7876581,MWI,BR,6,2599000
N-4801001,MWI,BR,5,3224000
N-5335345,MWI,BR,7,2765000
N-8024694,MWI,BR,3,3225000
N-4597004,MWI,BR,5,2660000
N-9757745,MWI,BR,10,3601000
N-1209079,MWI,NB,6,3401000
N-6328479,MWI,BR,9,3169000
N-8043645,MWI,BR,3,3677000
N-9557238,MWI,BR,10,2151000
N-8916529,MWI,NB,8,2806000
N-5299528,MWI,NB,10,2476000
N-4894178,MWI,NB,3,3237000
N-1299873,MWI,BR,10,4748000
N-9614109,MWI,BR,7,4683000
N-3996442,MWI,BR,1,2172000
N-4342012,MWI,NB,8,2174000
N-7495731,MWI,BR,6,4768000
N-6160719,MWI,BR,6,3694000
N-9261475,MWI,BR,9,2609000
N-3882238,MWI,BR,6,4841000
N-1123491,MWI,BR,6,3038000
N-1728519,MWI,BR,8,2462000
N-2054183,MWI,BR,3,4551000
N-3416502,MWI,NB,3,3106000
N-8749137,MWI,BR,5,4779000
N-2768316,MWI,BR,10,2428000
N-7105499,MWI,BR,5,2914000
N-6019967,MWI,BR,7,2232000
N-8951513,MWI,BR,6,2487000
N-6575713,MWI,BR,7,3306000
N-5759093,MWI,BR,4,3146000
N-2287437,MWI,BR,3,3473000
N-8685906,MWI,BR,5,3149000
N-6701304,MWI,NB,5,2378000
N-2071355,MWI,BR,2,4236000
N-6669551,MWI,NB,5,2372000
N-7411437,MWI,NB,1,2778000
N-8103635,MWI,BR,4,2604000
N-8660874,MWI,NB,7,3389000
N-5678580,MWI,BR,4,2081000
N-6283660,MWI,NB,6,3430000
N-2552388,MWI,NB,7,2128000
N-5137404,MWI,BR,4,2402000
N-8502937,MWI,BR,3,4827000
N-9115208,MWI,NB,1,2332000
N-8772212,MWI,BR,5,2723000
N-5133108,MWI,BR,4,2512000
N-6948984,MWI,NB,4,2265000
N-3120676,MWI,BR,8,4664000
N-8603926,MWI,BR,3,4777000
N-6266457,MWI,BR,2,4868000
N-9498240,MWI,NB,8,2469000
N-7425077,MWI,NB,8,2508000
N-8824131,MWI,BR,9,3120000
N-9126462,MWI,BR,8,2803000
N-9791556,MWI,BR,10,4467000
N-3917766,MWI,NB,5,2411000
N-2905026,MWI,BR,9,3814000
N-6675328,MWI,NB,3,2934000
N-8852432,MWI,BR,6,4105000
N-2506498,MWI,BR,6,2631000
N-9163632,MWI,BR,4,4382000
N-4491793,MWI,BR,3,4275000
N-3302261,MWI,BR,1,4506000
N-4801528,MWI,BR,10,2315000
N-7457977,MWI,BR,4,2865000
N-8708532,MWI,BR,7,4780000
N-7426389,MWI,BR,3,3197000
N-1353736,MWI,BR,8,3739000
N-2730520,MWI,BR,6,2815000
N-7919206,MWI,BR,8,3252000
N-6145302,MWI,NB,9,2525000
N-7933458,MWI,NB,6,3206000
N-1954265,MWI,BR,4,3716000
N-2074974,MWI,BR,3,3659000
N-4190659,MWI,BR,9,4227000
N-4479699,MWI,NB,1,2768000
N-7195436,MWI,NB,6,2876000
N-1472494,MWI,BR,7,3444000
N-6924624,MWI,BR,5,4508000
N-9375247,MWI,BR,3,3246000
N-3250159,MWI,BR,8,2386000
N-4895056,MWI,BR,5,2189000
N-5038289,MWI,BR,4,4334000
N-2936739,MWI,BR,8,2396000
N-7215158,MWI,NB,4,3184000
N-7362183,MWI,NB,8,2928000
N-2415782,MWI,BR,8,3050000
N-4486658,MWI,BR,8,3651000
N-7243564,MWI,BR,2,2244000
N-7034958,MWI,BR,5,4276000
N-9900183,MWI,BR,8,4935000
N-7826858,MWI,BR,5,4543000
N-2618291,MWI,BR,5,3006000
N-1504669,MWI,BR,8,2056000
N-7750120,MWI,BR,7,4148000
N-7119983,MWI,BR,4,4645000
N-7682051,MWI,BR,6,3673000
N-6196827,MWI,BR,4,3328000
N-3012832,MWI,BR,8,3427000
N-4553739,MWI,BR,4,4298000
N-4039729,MWI,BR,10,4590000
N-8419458,MWI,BR,8,3371000
N-7733201,MWI,BR,3,2004000
N-6270511,MWI,BR,5,4393000
N-5126552,MWI,NB,10,3262000
N-4762512,MWI,NB,8,2750000
N-9713185,MWI,BR,9,2452000
N-4970800,MWI,BR,6,4532000
N-1341105,MWI,BR,3,3944000
N-3150110,MWI,BR,8,3856000
N-5501969,MWI,BR,6,3220000
N-6656228,MWI,NB,10,3000000
N-4051309,MWI,BR,5,3094000
N-1707038,MWI,BR,10,3113000
N-6696698,MWI,BR,9,4852000
N-7849971,MWI,BR,2,2977000
N-4328802,MWI,BR,8,2848000
N-3577174,MWI,NB,10,3343000
N-7970940,MWI,BR,7,4107000
N-4273037,MWI,BR,8,3835000
N-8145402,MWI,BR,4,4497000
N-3243380,MWI,NB,9,2810000
N-5717142,MWI,BR,10,2429000
N-5989039,MWI,BR,8,4378000
N-6453046,MWI,NB,8,2243000
N-8189985,MWI,BR,4,4899000
N-9856278,MWI,NB,6,2412000
N-7323958,MWI,NB,10,2082000
N-2581635,MWI,NB,9,2560000
N-4848610,MWI,BR,1,4359000
N-4516070,MWI,NB,4,3499000
N-2930775,MWI,NB,1,2126000
N-2793401,MWI,BR,2,4324000
N-6587490,MWI,NB,2,2391000
N-7472938,MWI,BR,3,3776000
N-1437488,MWI,BR,3,2603000
N-4542489,MWI,BR,9,4790000
N-3759516,MWI,NB,6,2504000
N-4997822,MWI,BR,9,2447000
N-6149546,MWI,NB,4,3247000
N-9420879,MWI,BR,1,3600000
N-2250341,MWI,NB,3,3094000
N-6039346,MWI,NB,10,3073000
N-1869525,MWI,NB,8,2873000
N-2418455,MWI,BR,6,4777000
N-5853105,MWI,BR,3,4920000
N-7132177,MWI,BR,1,2339000
N-9264492,MWI,BR,9,3148000
N-7236008,MWI,BR,2,4051000
N-4530081,MWI,NB,3,2737000
N-1949388,MWI,NB,2,2284000
N-6703948,MWI,BR,2,3335000
N-5366634,MWI,BR,8,2641000
N-2114032,MWI,BR,4,3817000
N-3464808,MWI,BR,7,2459000
N-5030494,MWI,NB,3,3275000
N-7426354,MWI,BR,7,4232000
N-5298674,MWI,BR,2,4926000
N-7838650,MWI,NB,10,2343000
N-2199994,MWI,NB,8,3128000
N-5472506,MWI,NB,7,3201000
N-2230317,MWI,NB,10,2060000
N-1579644,MWI,NB,1,2477000
N-4537574,MWI,NB,7,2366000
N-7697389,MWI,NB,3,3032000
N-3956979,MWI,BR,2,4834000
N-9817724,MWI,BR,7,2509000
N-4736930,MWI,BR,8,3604000
N-4402938,MWI,BR,3,4689000
N-8739885,MWI,BR,2,3367000
N-6504465,MWI,BR,1,2010000
N-3761352,MWI,BR,6,3561000
N-2905182,MWI,BR,9,4791000
N-9687229,MWI,BR,3,2285000
N-9017852,MWI,BR,5,4133000
N-4839495,MWI,BR,1,2507000
N-4831284,MWI,NB,1,2921000
N-3870537,MWI,BR,1,2484000
N-5301471,MWI,BR,8,2816000
N-2252706,MWI,BR,6,3402000
N-8553517,MWI,BR,3,2801000
N-7757570,MWI,BR,8,2526000
N-9681227,MWI,NB,8,2196000
N-2239839,MWI,BR,2,4593000
N-9487907,MWI,NB,1,2207000
N-2158306,MWI,NB,9,2655000
N-5272431,MWI,NB,7,2134000
N-8677112,MWI,NB,3,3124000
N-6747239,MWI,BR,8,3166000
N-9650063,MWI,BR,4,4432000
N-5315621,MWI,NB,9,3243000
N-4818563,MWI,NB,1,3459000
N-9293272,MWI,BR,10,3684000
N-9564805,MWI,BR,4,2694000
N-5490305,MWI,BR,8,4597000
N-2315020,MWI,NB,1,3291000
N-5374121,MWI,NB,9,2498000
N-2025774,MWI,NB,3,2613000
N-1484152,MWI,BR,5,4206000
N-1485806,MWI,BR,2,4940000
N-8046601,MWI,BR,6,3916000
N-3701736,MWI,BR,1,3091000
N-3548103,MWI,NB,3,3477000
N-8329025,MWI,BR,1,3883000
N-8895554,MWI,BR,8,2683000
N-6586112,MWI,BR,2,3577000
N-6354956,MWI,NB,9,3371000
N-4800892,MWI,NB,10,3000000
N-5180914,MWI,BR,8,4285000
N-5159013,MWI,BR,2,2486000
N-4823400,MWI,BR,10,3707000
N-4062633,MWI,BR,6,3455000
N-1332454,MWI,BR,7,4122000
N-2345623,MWI,NB,7,2478000
N-2982092,MWI,BR,6,3524000
N-7504178,MWI,NB,3,2669000
N-5747820,MWI,BR,5,4779000
N-1762503,MWI,BR,3,3585000
N-9956203,MWI,BR,8,2095000
N-5302542,MWI,BR,8,4959000
N-8284675,MWI,BR,7,4045000
N-6756167,MWI,NB,8,2380000
N-7284046,MWI,BR,6,3223000
N-6304687,MWI,BR,8,4178000
N-4654655,MWI,BR,5,3675000
N-8581262,MWI,BR,1,4681000
N-9046769,MWI,BR,9,4338000
N-5939137,MWI,BR,1,2930000
N-9673375,MWI,BR,2,2443000
N-8563378,MWI,NB,6,2851000
N-1200709,MWI,NB,1,2338000
N-2639450,MWI,BR,3,4413000
N-4596281,MWI,BR,6,4238000
N-1753229,MWI,NB,4,3378000
N-8981102,MWI,BR,3,3143000
N-9607504,MWI,BR,9,2275000
N-3846834,MWI,BR,9,2673000
N-5859620,MWI,BR,6,2980000
N-6973841,MWI,BR,4,4911000
N-2821628,MWI,NB,2,2968000
N-7014833,MWI,NB,3,3317000
N-5120777,MWI,BR,10,3210000
N-8344802,MWI,NB,7,2842000
N-4131635,MWI,BR,6,3116000
N-9652110,MWI,BR,10,3459000
N-3521817,MWI,BR,8,2002000
N-3253906,MWI,BR,8,4084000
N-7969247,MWI,BR,8,2236000
N-5852934,MWI,BR,10,2725000
N-1446710,MWI,NB,7,2440000
N-3700767,MWI,BR,2,3245000
N-6287774,MWI,NB,3,2255000
N-3429086,MWI,NB,6,2762000
N-9593289,MWI,BR,4,4513000
N-9614008,MWI,BR,6,4168000
N-8194623,MWI,BR,10,4665000
N-3964763,MWI,BR,3,2946000
N-2089616,MWI,NB,5,3291000
N-8200042,MWI,BR,9,2348000
N-2738608,MWI,BR,6,2516000
N-6722352,MWI,BR,6,2365000
N-4509573,MWI,BR,3,2230000
N-2166839,MWI,NB,10,3448000
N-6203667,MWI,BR,3,4817000
N-6811828,MWI,BR,8,2175000
N-9473369,MWI,BR,2,3819000
N-1987525,MWI,BR,1,4872000
N-4748541,MWI,BR,5,3755000
N-2372128,MWI,BR,6,4728000
N-7358407,MWI,BR,8,2223000
N-9656563,MWI,BR,3,4377000
N-8735515,MWI,BR,3,3557000
N-3181461,MWI,BR,7,2828000
N-3803223,MWI,BR,8,2984000
N-4245288,MWI,NB,8,2768000
N-9696753,MWI,BR,1,2179000
N-2671957,MWI,BR,4,3917000
N-7778547,MWI,BR,7,2612000
N-3309679,MWI,BR,7,3423000
N-4612389,MWI,BR,10,4778000
N-8498592,MWI,BR,1,2551000
N-8729397,MWI,BR,6,4168000
N-4571877,MWI,BR,1,2941000
N-6708452,MWI,BR,4,4013000
N-1761352,MWI,BR,9,4460000
N-6787399,MWI,BR,2,4190000
N-9206077,MWI,NB,1,3424000
N-2617917,MWI,BR,5,3267000
N-8678494,MWI,NB,4,3047000
N-2861725,MWI,BR,5,2297000
N-9827640,MWI,BR,4,4464000
N-4447727,MWI,BR,8,4856000
N-4775099,MWI,BR,2,2442000
N-6591869,MWI,BR,7,4165000
N-5731652,MWI,BR,6,2117000
N-3977848,MWI,BR,5,2626000
N-9356015,MWI,BR,3,2627000
N-3437799,MWI,NB,6,3055000
N-5614245,MWI,BR,7,2016000
N-1197057,MWI,BR,7,2455000
N-3436973,MWI,BR,9,2006000
N-1543700,MWI,BR,3,4424000
N-4743595,MWI,NB,9,2813000
N-3621234,MWI,BR,4,4720000
N-5327715,MWI,NB,10,2165000
N-5352403,MWI,NB,6,3074000
N-9882334,MWI,NB,9,2293000
N-3186068,MWI,BR,9,2013000
N-2156717,MWI,BR,6,2002000
N-6828414,MWI,BR,8,4791000
N-2027456,MWI,BR,4,3292000
N-2154008,MWI,NB,9,3276000
N-9557399,MWI,BR,2,4268000
N-1939021,MWI,NB,8,3388000
N-8399097,MWI,NB,2,2812000
N-6739936,MWI,BR,4,2569000
N-5781002,MWI,NB,3,2967000
N-8271200,MWI,NB,8,3160000
N-9020901,MWI,NB,4,2840000
N-9575140,MWI,BR,1,2492000
N-6802050,MWI,BR,9,3571000
N-5769800,MWI,NB,1,2188000
N-2520885,MWI,BR,9,3871000
N-5479152,MWI,BR,3,4157000
N-2601322,MWI,BR,2,2070000
N-5852273,MWI,BR,3,2041000
N-4825503,MWI,NB,3,2026000
N-8259096,MWI,NB,6,2841000
N-5914862,MWI,NB,4,3057000
N-3519810,MWI,BR,1,2850000
N-4409006,MWI,BR,1,3366000
N-7588633,MWI,NB,2,2743000
N-1441783,MWI,BR,5,3520000
N-8015932,MWI,BR,6,3598000
N-4100735,MWI,BR,3,3020000
N-9736944,MWI,BR,3,2306000
N-4365749,MWI,BR,3,3914000
N-3484336,MWI,BR,8,2154000
N-9303033,MWI,NB,3,3274000
N-3427071,MWI,NB,5,3071000
N-9828075,MWI,BR,6,3343000
N-8675456,MWI,NB,4,2357000
N-1588654,MWI,BR,1,4117000
N-6422651,MWI,BR,8,3762000
N-8046542,MWI,BR,9,4003000
N-1513868,MWI,BR,7,2031000
N-6203914,MWI,BR,8,4694000
N-6967672,MWI,NB,9,3283000
N-3448054,MWI,NB,9,2688000
N-1261130,MWI,NB,9,2492000
N-4638920,MWI,BR,1,2777000
N-2915615,MWI,BR,10,3388000
N-3833146,MWI,BR,6,2653000
N-7554518,MWI,NB,2,3240000
N-7774771,MWI,NB,8,3255000
N-7862380,MWI,BR,8,4426000
N-3242796,MWI,BR,9,4413000
N-8012722,MWI,NB,1,2370000
N-9006992,MWI,BR,7,2906000
N-1497440,MWI,BR,4,2980000
N-5236233,MWI,BR,2,3552000
N-3668845,MWI,BR,4,3675000
N-3796054,MWI,NB,3,2323000
N-7265514,MWI,NB,9,3190000
N-7124135,MWI,BR,10,4196000
N-9055483,MWI,BR,7,2397000
N-6412184,MWI,BR,1,2339000
N-8005253,MWI,BR,3,2593000
N-6547179,MWI,BR,4,2267000
N-3413053,MWI,NB,7,3319000
N-9650299,MWI,BR,1,4791000
N-6823979,MWI,NB,4,2455000
N-2747983,MWI,BR,8,3397000
N-4596076,MWI,BR,8,3924000
N-9912476,MWI,BR,5,2101000
N-3884876,MWI,BR,10,3647000
N-3691164,MWI,NB,2,3161000
N-2122681,MWI,NB,2,2882000
N-9777122,MWI,BR,5,2316000
N-8880676,MWI,NB,10,2196000
N-6060085,MWI,BR,9,2440000
N-2919416,MWI,BR,6,2952000
N-4600856,MWI,BR,6,4009000
N-2003896,MWI,NB,10,2301000
N-2910523,MWI,BR,7,2445000
N-1924208,MWI,BR,7,2309000
N-1548630,MWI,NB,3,2602000
N-7723467,MWI,NB,4,2379000
N-1250640,MWI,BR,1,3411000
N-4731217,MWI,BR,5,4797000
N-4004965,MWI,BR,1,2986000
N-8088249,MWI,BR,4,2867000
N-4534187,MWI,BR,3,4878000
N-8066513,MWI,BR,5,3497000
N-5812048,MWI,BR,3,4527000
N-9729357,MWI,BR,9,2472000
N-7978628,MWI,BR,7,3174000
N-7906815,MWI,BR,2,2397000
N-1824396,MWI,NB,1,2119000
N-2648509,MWI,NB,10,2094000
N-7327346,MWI,BR,5,2129000
N-7665868,MWI,BR,4,4377000
N-9360231,MWI,BR,4,2207000
N-6169745,MWI,BR,9,2538000
N-8875819,MWI,BR,4,4321000
N-2303742,MWI,NB,5,2746000
N-7111175,MWI,NB,4,2141000
N-6156899,MWI,NB,7,2073000
N-1256616,MWI,BR,2,4251000
N-5979962,MWI,BR,5,3557000
N-8956059,MWI,BR,3,2056000
N-2582992,MWI,NB,7,3302000
N-2728711,MWI,NB,1,3144000
N-4620298,MWI,BR,8,4807000
N-3404874,MWI,NB,5,2703000
N-7997678,MWI,BR,1,2375000
N-3805110,MWI,NB,7,2655000
N-6819799,MWI,NB,2,2926000
N-1983380,MWI,BR,2,3988000
N-9434511,MWI,NB,2,2551000
N-2148482,MWI,NB,4,2312000
N-6204743,MWI,BR,10,3298000
N-1780385,MWI,BR,5,3243000
N-5790185,MWI,BR,10,2853000
N-2711618,MWI,BR,8,2686000
N-5838768,MWI,BR,2,4770000
N-7956896,MWI,BR,1,3106000
N-3264339,MWI,NB,10,2270000
N-6619954,MWI,BR,3,2777000
N-8920988,MWI,BR,10,2355000
N-2117422,MWI,BR,8,2305000
N-6350055,MWI,BR,6,4222000
N-8015458,MWI,BR,1,2618000
N-6087342,MWI,BR,10,2700000
N-4167827,MWI,NB,3,3260000
N-6777430,MWI,NB,1,2683000
N-9591809,MWI,NB,7,2116000
N-4005533,MWI,BR,5,3294000
N-7730906,MWI,BR,10,3191000
N-4428973,MWI,BR,5,3522000
N-7849079,MWI,BR,3,4398000
N-2057146,MWI,BR,7,3535000
N-8331767,MWI,BR,3,3951000
N-9664949,MWI,BR,3,2620000
N-6998582,MWI,BR,1,2941000
N-9340511,MWI,BR,4,4443000
N-2047468,MWI,BR,2,3801000
N-9734599,MWI,BR,1,3905000
N-4375794,MWI,BR,2,4649000
N-9349967,MWI,BR,6,3839000
N-1362677,MWI,BR,3,2480000
N-4406201,MWI,BR,6,2254000
N-1527986,MWI,BR,3,4340000
N-5141386,MWI,BR,9,4291000
N-3073509,MWI,BR,7,4524000
N-9309160,MWI,BR,3,3105000
N-9383130,MWI,BR,10,2961000
N-6139329,MWI,BR,1,2495000
N-6703794,MWI,BR,7,4889000
N-5667650,MWI,NB,10,2603000
N-5620865,MWI,BR,3,2330000
N-5344758,MWI,NB,8,2131000
N-7990972,MWI,BR,6,2102000
N-9414749,MWI,BR,6,4031000
N-7695601,MWI,BR,6,4185000
N-3576281,MWI,NB,5,2158000
N-5625467,MWI,BR,9,3338000
N-6147275,MWI,BR,2,3932000
N-6569005,MWI,NB,6,3485000
N-2958063,MWI,BR,2,3766000
N-9636799,MWI,BR,2,4838000
N-4691197,MWI,BR,6,4610000
N-8388940,MWI,BR,3,4004000
N-4923955,MWI,BR,6,3177000
N-7965136,MWI,BR,5,3664000
N-7791495,MWI,BR,4,4441000
N-3054672,MWI,BR,3,2797000
N-8067635,MWI,NB,6,2725000
N-5216402,MWI,BR,5,3077000
N-7814008,MWI,BR,6,2829000
N-4437570,MWI,BR,3,2620000
N-5391937,MWI,BR,4,4015000
N-5091647,MWI,BR,6,4836000
N-9486483,MWI,NB,6,3412000
N-5138414,MWI,BR,10,4714000
N-5212886,MWI,NB,5,2269000
N-1661997,MWI,BR,9,4506000
N-6102919,MWI,BR,5,4618000
N-8283380,MWI,BR,6,4041000
N-7059121,MWI,BR,5,4219000
N-3340959,MWI,NB,4,2440000
N-4521172,MWI,NB,7,2731000
N-8864665,MWI,BR,10,4338000
N-1628104,MWI,BR,8,4837000
N-6309070,MWI,BR,10,4052000
N-5547013,MWI,BR,9,4641000
N-2793203,MWI,NB,10,3199000
N-2369251,MWI,BR,8,2783000
N-1370389,MWI,BR,1,2606000
N-8500321,MWI,BR,10,4887000
N-3842845,MWI,BR,10,3737000
N-7407699,MWI,BR,4,3424000
N-3843020,MWI,BR,4,2873000
N-3855229,MWI,BR,3,2586000
N-9739169,MWI,BR,9,4253000
N-5924553,MWI,BR,1,2399000
N-2024133,MWI,BR,3,2203000
N-9651680,MWI,NB,9,3161000
N-3979245,MWI,BR,10,4314000
N-9553497,MWI,NB,4,3211000
N-6197958,MWI,NB,3,2176000
N-9828784,MWI,NB,1,2195000
N-3291445,MWI,NB,4,2209000
N-8042392,MWI,BR,10,3014000
N-3279504,MWI,BR,9,3896000
N-8588909,MWI,BR,5,3884000
N-1861162,MWI,NB,3,2517000
N-3613080,MWI,BR,6,3771000
N-7782606,MWI,BR,10,3910000
N-5061194,MWI,BR,2,2559000
N-2809746,MWI,NB,4,2422000
N-5539689,MWI,BR,4,2938000
N-7936765,MWI,BR,3,3801000
N-8997352,MWI,BR,3,2721000
N-6101402,MWI,BR,2,2624000
N-3814637,MWI,NB,7,2218000
N-3031881,MWI,BR,7,3301000
N-7699091,MWI,BR,2,2397000
N-6025059,MWI,BR,1,4488000
N-7276453,MWI,BR,4,2379000
N-2398958,MWI,BR,4,2109000
N-8355939,MWI,BR,3,4000000
N-8525233,MWI,BR,4,2199000
N-6731595,MWI,BR,7,4008000
N-9051068,MWI,BR,5,3048000
N-4694230,MWI,BR,4,2201000
N-8363663,MWI,BR,4,2800000
N-6588221,MWI,NB,5,2871000
N-7636409,MWI,BR,8,4940000
N-6865112,MWI,BR,9,3675000
N-3446256,MWI,BR,8,4669000
N-9323048,MWI,BR,8,4395000
N-2160173,MWI,BR,8,4122000
N-8005171,MWI,BR,7,4839000
N-8349313,MWI,NB,8,2613000
N-7539777,MWI,BR,8,3189000
N-9067482,MWI,BR,4,3794000
N-7014693,MWI,BR,4,3100000
N-9878620,MWI,NB,2,2327000
N-6607203,MWI,NB,3,2347000
N-2538579,MWI,BR,5,2339000
N-1185465,MWI,NB,7,2107000
N-1742931,MWI,NB,1,2850000
N-9827579,MWI,BR,3,3621000
N-7106567,MWI,BR,1,3916000
N-8334069,MWI,BR,2,3415000
N-1551860,MWI,BR,7,2925000
N-6303541,MWI,NB,9,2615000
N-4048808,MWI,BR,10,3441000
N-3025849,MWI,BR,3,4995000
N-3332204,MWI,NB,9,2975000
N-2347116,MWI,NB,2,2999000
N-7691447,MWI,BR,10,2073000
N-4619645,MWI,BR,9,2939000
N-1194214,MWI,BR,5,3696000
N-6312583,MWI,BR,8,4662000
N-7002673,MWI,BR,7,3721000
N-1284667,MWI,BR,4,4013000
N-6242896,MWI,NB,1,2598000
N-5509944,MWI,BR,6,2331000
N-7735256,MWI,BR,10,3163000
N-7065171,MWI,BR,7,2046000
N-3733554,MWI,NB,5,3061000
N-8894232,MWI,BR,9,3931000
N-7606619,MWI,NB,3,3187000
N-2350701,MWI,BR,10,4336000
N-5993939,MWI,BR,1,2635000
N-9719492,MWI,BR,9,3130000
N-5357390,MWI,BR,10,2467000
N-1555100,MWI,BR,9,2124000
N-7814956,MWI,NB,2,2869000
N-3703287,MWI,NB,10,2182000
N-9468365,MWI,BR,4,2842000
N-9444874,MWI,BR,3,4087000
N-8849191,MWI,BR,8,2915000
N-8966176,MWI,BR,3,4363000
N-6812835,MWI,BR,1,2441000
N-3250139,MWI,BR,1,2684000
N-2621769,MWI,BR,5,4438000
N-3358940,MWI,BR,4,2438000
N-2884142,MWI,NB,2,2621000
N-9803242,MWI,BR,5,3172000
N-1438757,MWI,BR,10,3950000
N-1615091,MWI,BR,5,3291000
N-8961878,MWI,NB,3,2424000
N-5033654,MWI,BR,9,2466000
N-1563521,MWI,BR,6,4678000
N-2675230,MWI,BR,4,3922000
N-2794337,MWI,BR,6,3616000
N-6117736,MWI,NB,4,2222000
N-9212194,MWI,BR,4,2322000
N-6296789,MWI,BR,8,2158000
N-3935817,MWI,NB,2,3288000
N-1787698,MWI,BR,4,3575000
N-1721081,MWI,BR,7,4171000
N-3165032,MWI,BR,1,2606000
N-2626945,MWI,BR,9,4987000
N-2744996,MWI,BR,10,2768000
N-1309677,MWI,NB,4,2707000
N-8408511,MWI,NB,2,2361000
N-8911929,MWI,NB,7,3452000
N-2429470,MWI,BR,4,3692000
N-8385905,MWI,BR,5,4979000
N-7800941,MWI,BR,4,2560000
N-8617127,MWI,BR,5,2355000
N-5538910,MWI,BR,8,2581000
N-9629838,MWI,BR,1,3453000
N-3313348,MWI,BR,9,3342000
N-9285659,MWI,BR,4,2833000
N-6222017,MWI,BR,9,3159000
N-7828046,MWI,BR,3,2879000
N-2382030,MWI,BR,3,2468000
N-5822480,MWI,BR,1,3648000
N-4898512,MWI,BR,7,4269000
N-2124879,MWI,BR,5,4217000
N-5933669,MWI,BR,7,2509000
N-1258580,MWI,BR,10,2053000
N-4320217,MWI,BR,5,3394000
N-8508911,MWI,BR,4,2309000
N-3690281,MWI,NB,9,2126000
N-6059451,MWI,NB,8,2859000
N-7434755,MWI,BR,2,2369000
N-7612724,MWI,BR,8,2496000
N-3814168,MWI,BR,3,3619000
N-7084722,MWI,BR,8,2107000
N-2470330,MWI,BR,7,3416000
N-4858716,MWI,BR,3,4729000
N-9625008,MWI,BR,5,4681000
N-3335511,MWI,BR,8,2929000
N-2048751,MWI,NB,3,2393000
N-3254842,MWI,BR,8,4317000
N-4845281,MWI,BR,5,4142000
N-9942215,MWI,BR,6,2185000
N-5508735,MWI,BR,9,4193000
N-5435089,MWI,BR,7,3311000
N-5045354,MWI,NB,8,2604000
N-5488130,MWI,NB,10,3258000
N-9081100,MWI,BR,1,3728000
N-1528671,MWI,BR,7,2030000
N-5994142,MWI,NB,7,2746000
N-3753842,MWI,BR,9,2209000
N-6426651,MWI,BR,5,3446000
N-6013453,MWI,NB,7,3312000
N-4761338,MWI,NB,4,2346000
N-8446871,MWI,BR,7,2370000
N-6508026,MWI,NB,2,3373000
N-8425330,MWI,BR,9,3663000
N-7650905,MWI,NB,1,2500000
N-8720556,MWI,NB,6,2596000
N-7353079,MWI,BR,1,3119000
N-8985990,MWI,BR,8,3548000
N-8074090,MWI,BR,7,2650000
N-8519706,MWI,NB,7,2582000
N-2956786,MWI,NB,6,2307000
N-5160654,MWI,BR,10,4414000
N-3770306,MWI,BR,3,4915000
N-2010978,MWI,BR,2,3670000
N-3539257,MWI,BR,9,3630000
N-3753867,MWI,BR,4,3967000
N-5494935,MWI,BR,2,2962000
N-4100267,MWI,BR,1,4710000
N-9158954,MWI,BR,1,3258000
N-4418404,MWI,BR,10,3549000
N-2230148,MWI,BR,5,2493000
N-5862929,MWI,BR,5,2896000
N-4774965,MWI,BR,8,4322000
N-2426079,MWI,BR,8,3921000
N-6032431,MWI,BR,3,2829000
N-9056620,MWI,NB,2,2119000
N-8313736,MWI,BR,4,4789000
N-2865046,MWI,BR,1,4516000
N-3058393,MWI,BR,1,3731000
O-6301186,LWI,NB,9,989000
O-4678591,LWI,NB,7,750000
O-7980492,LWI,NB,10,985000
O-6809606,LWI,NB,1,849000
O-5751459,LWI,BR,8,212000
O-9417153,LWI,BR,8,251000
O-9548669,LWI,BR,8,194000
O-3786236,LWI,NB,1,797000
O-8478226,LWI,NB,7,960000
O-1515315,LWI,NB,4,619000
O-5689685,LWI,NB,4,612000
O-4177477,LWI,NB,4,738000
O-5100636,LWI,BR,7,101000
O-5155279,LWI,NB,6,941000
O-4673940,LWI,BR,3,345000
O-6030323,LWI,NB,4,964000
O-3397639,LWI,BR,9,152000
O-1394752,LWI,BR,10,345000
O-4157423,LWI,BR,8,435000
O-1561510,LWI,BR,2,225000
O-6034301,LWI,NB,6,632000
O-3649491,LWI,BR,3,466000
O-1712102,LWI,NB,9,545000
O-8763791,LWI,BR,10,477000
O-9428138,LWI,NB,5,960000
O-5842096,LWI,BR,8,500000
O-8811157,LWI,NB,4,888000
O-6674544,LWI,BR,1,470000
O-7782678,LWI,BR,10,210000
O-5883118,LWI,NB,1,592000
O-1223681,LWI,BR,10,234000
O-2817124,LWI,BR,8,369000
O-6333708,LWI,BR,1,103000
O-3840370,LWI,BR,1,243000
O-6119328,LWI,BR,7,258000
O-9080577,LWI,BR,8,159000
O-5717882,LWI,BR,3,212000
O-2075917,LWI,BR,4,315000
O-6390597,LWI,BR,1,139000
O-1869604,LWI,BR,4,423000
O-7498351,LWI,NB,10,819000
O-6610817,LWI,BR,4,452000
O-4185097,LWI,BR,10,336000
O-3470464,LWI,BR,4,198000
O-6181973,LWI,BR,1,180000
O-2018648,LWI,BR,9,203000
O-8450293,LWI,NB,1,662000
O-9507047,LWI,BR,4,473000
O-7372884,LWI,BR,3,211000
O-1232785,LWI,BR,7,430000
O-4171845,LWI,BR,5,164000
O-5500061,LWI,BR,2,156000
O-2739977,LWI,NB,3,897000
O-7371222,LWI,BR,2,362000
O-8702387,LWI,NB,10,936000
O-8350852,LWI,NB,10,501000
O-1769929,LWI,BR,6,320000
O-6995801,LWI,BR,7,202000
O-6869122,LWI,BR,5,424000
O-1265849,LWI,BR,4,249000
O-2933681,LWI,BR,10,181000
O-8631830,LWI,BR,4,349000
O-9179282,LWI,BR,6,315000
O-6804496,LWI,BR,6,236000
O-5291348,LWI,BR,5,188000
O-4104650,LWI,NB,7,882000
O-4206216,LWI,BR,3,109000
O-3323975,LWI,BR,2,123000
O-8637948,LWI,BR,5,344000
O-9668015,LWI,BR,7,310000
O-1438458,LWI,BR,8,396000
O-4492894,LWI,NB,4,977000
O-3577342,LWI,BR,3,443000
O-1931286,LWI,BR,1,408000
O-5273641,LWI,BR,7,244000
O-7336473,LWI,BR,1,312000
O-6807325,LWI,NB,5,959000
O-5168663,LWI,NB,8,588000
O-8377661,LWI,NB,6,781000
O-7912006,LWI,NB,9,664000
O-6351399,LWI,BR,4,368000
O-5436898,LWI,BR,2,415000
O-2986770,LWI,BR,9,189000
O-9464840,LWI,BR,10,174000
O-4419316,LWI,NB,3,764000
O-3058442,LWI,BR,1,463000
O-4003572,LWI,BR,4,358000
O-8541902,LWI,BR,10,289000
O-4286364,LWI,NB,3,823000
O-4318255,LWI,BR,6,183000
O-6618271,LWI,BR,10,373000
O-1376154,LWI,NB,7,818000
O-7052506,LWI,BR,1,158000
O-3933148,LWI,NB,10,586000
O-8381629,LWI,BR,3,428000
O-2639956,LWI,BR,3,325000
O-3846882,LWI,BR,9,204000
O-1579431,LWI,BR,9,303000
O-5960363,LWI,NB,5,534000
O-3813057,LWI,BR,3,389000
O-5676414,LWI,BR,4,251000
O-6851402,LWI,NB,8,651000
O-7029289,LWI,NB,10,543000
O-7209621,LWI,BR,4,369000
O-9486038,LWI,NB,9,583000
O-1144363,LWI,BR,6,191000
O-2980701,LWI,BR,1,284000
O-7589375,LWI,NB,3,939000
O-9844099,LWI,BR,10,198000
O-1782552,LWI,BR,9,203000
O-2519058,LWI,BR,6,210000
O-8553925,LWI,BR,5,308000
O-8089289,LWI,BR,5,131000
O-8051718,LWI,NB,7,779000
O-5011372,LWI,BR,4,369000
O-6902273,LWI,BR,2,122000
O-7886779,LWI,BR,3,216000
O-8586773,LWI,BR,10,386000
O-2642770,LWI,BR,9,163000
O-7985743,LWI,NB,2,902000
O-8429325,LWI,NB,5,814000
O-4924411,LWI,BR,4,167000
O-1284285,LWI,BR,9,116000
O-9683160,LWI,BR,7,274000
O-9554968,LWI,BR,6,455000
O-5649456,LWI,BR,3,326000
O-7864973,LWI,BR,5,300000
O-2941745,LWI,BR,6,124000
O-9284735,LWI,NB,4,652000
O-4075571,LWI,BR,1,225000
O-4173249,LWI,NB,2,590000
O-6732336,LWI,NB,8,742000
O-7155625,LWI,BR,3,475000
O-3759256,LWI,BR,8,209000
O-1439215,LWI,BR,8,210000
O-8332099,LWI,BR,3,461000
O-6560366,LWI,NB,1,911000
O-8629469,LWI,BR,6,279000
O-8375129,LWI,BR,8,131000
O-6642443,LWI,BR,7,419000
O-6997721,LWI,BR,8,269000
O-7918071,LWI,BR,4,211000
O-4197355,LWI,BR,5,118000
O-2272559,LWI,BR,4,350000
O-4220988,LWI,NB,5,549000
O-2993239,LWI,BR,3,158000
O-1536289,LWI,BR,5,173000
O-3751762,LWI,BR,2,446000
O-3041195,LWI,NB,9,674000
O-8160303,LWI,BR,8,400000
O-4672930,LWI,NB,6,669000
O-2718354,LWI,BR,4,370000
O-1795000,LWI,BR,9,274000
O-4784600,LWI,NB,7,806000
O-5789700,LWI,BR,4,167000
O-9754142,LWI,NB,2,567000
O-6041177,LWI,NB,9,927000
O-2114803,LWI,BR,1,251000
O-3407584,LWI,NB,4,917000
O-7668272,LWI,BR,5,444000
O-5498297,LWI,BR,4,158000
O-2992565,LWI,BR,2,140000
O-8742512,LWI,BR,5,497000
O-5629381,LWI,BR,6,406000
O-3106051,LWI,BR,2,300000
O-2038217,LWI,NB,1,794000
O-8713484,LWI,BR,10,193000
O-9562536,LWI,BR,5,408000
O-5817695,LWI,NB,1,715000
O-4718661,LWI,BR,4,447000
O-3185459,LWI,BR,5,293000
O-2188414,LWI,BR,7,132000
O-8635529,LWI,BR,6,433000
O-9617906,LWI,NB,10,684000
O-3871436,LWI,BR,8,187000
O-4940262,LWI,BR,1,166000
O-8699258,LWI,NB,1,536000
O-1286898,LWI,NB,2,790000
O-9784369,LWI,BR,1,411000
O-2066371,LWI,BR,6,372000
O-7952078,LWI,BR,9,427000
O-6242171,LWI,NB,7,539000
O-9405227,LWI,BR,7,490000
O-6639682,LWI,BR,10,150000
O-8092961,LWI,BR,1,110000
O-7329531,LWI,BR,6,333000
O-7749819,LWI,NB,7,576000
O-3514788,LWI,NB,8,692000
O-4328752,LWI,NB,4,540000
O-8239626,LWI,NB,2,970000
O-7988830,LWI,BR,2,228000
O-8272826,LWI,BR,8,405000
O-7531255,LWI,NB,7,510000
O-6481528,LWI,BR,10,301000
O-9965898,LWI,BR,4,382000
O-6461540,LWI,NB,7,983000
O-5119550,LWI,BR,9,188000
O-4729452,LWI,BR,10,129000
O-1680556,LWI,BR,9,184000
O-6971094,LWI,BR,7,384000
O-3144629,LWI,BR,10,226000
O-2066783,LWI,NB,6,749000
O-5152279,LWI,BR,10,304000
O-1865209,LWI,BR,9,300000
O-7462016,LWI,NB,8,876000
O-4888138,LWI,NB,8,941000
O-8300274,LWI,BR,5,227000
O-6886499,LWI,BR,8,274000
O-9991394,LWI,NB,2,957000
O-7561185,LWI,NB,7,547000
O-6691341,LWI,BR,6,354000
O-8706168,LWI,NB,2,972000
O-9913748,LWI,BR,1,253000
O-7415181,LWI,NB,1,705000
O-3253934,LWI,BR,6,479000
O-9382930,LWI,BR,6,353000
O-8284416,LWI,BR,8,334000
O-8503081,LWI,BR,1,171000
O-3376147,LWI,BR,6,417000
O-2411711,LWI,BR,3,417000
O-4160720,LWI,BR,1,200000
O-9072559,LWI,BR,8,274000
O-1380843,LWI,BR,2,154000
O-7085103,LWI,BR,6,307000
O-9391811,LWI,BR,9,340000
O-5655709,LWI,BR,8,490000
O-5919405,LWI,BR,6,181000
O-5488447,LWI,BR,3,401000
O-7211118,LWI,BR,8,234000
O-2401722,LWI,BR,7,366000
O-6185380,LWI,BR,1,187000
O-2209916,LWI,BR,9,161000
O-6412345,LWI,NB,7,690000
O-5322406,LWI,BR,7,328000
O-8097494,LWI,BR,10,149000
O-3061181,LWI,BR,1,460000
O-4876384,LWI,NB,4,625000
O-2619962,LWI,NB,10,747000
O-6850235,LWI,NB,4,820000
O-7475130,LWI,NB,8,850000
O-5415236,LWI,BR,2,455000
O-4258937,LWI,BR,4,389000
O-4093535,LWI,BR,5,328000
O-9893109,LWI,BR,3,478000
O-8629223,LWI,BR,7,446000
O-5443806,LWI,NB,8,951000
O-7432084,LWI,BR,5,286000
O-6937348,LWI,BR,8,121000
O-3200088,LWI,BR,8,155000
O-1242746,LWI,BR,4,219000
O-6888372,LWI,BR,3,358000
O-7897024,LWI,NB,9,941000
O-6060715,LWI,NB,5,738000
O-1258945,LWI,NB,4,584000
O-7472395,LWI,BR,8,355000
O-6155552,LWI,BR,1,399000
O-3926444,LWI,BR,7,240000
O-2365697,LWI,BR,4,490000
O-5974017,LWI,NB,10,783000
O-9444026,LWI,BR,1,333000
O-7934379,LWI,BR,3,244000
O-8569270,LWI,BR,10,110000
O-9587047,LWI,BR,2,310000
O-3548546,LWI,BR,10,382000
O-3834265,LWI,NB,9,902000
O-3670690,LWI,NB,7,918000
O-8130695,LWI,BR,10,144000
O-7625953,LWI,BR,2,368000
O-9615471,LWI,BR,9,228000
O-5532147,LWI,NB,3,727000
O-6990647,LWI,NB,7,719000
O-7033736,LWI,BR,8,495000
O-3526148,LWI,NB,4,860000
O-7390747,LWI,BR,7,333000
O-2623359,LWI,NB,3,739000
O-9730448,LWI,NB,10,649000
O-9320163,LWI,NB,7,885000
O-4031848,LWI,BR,9,340000
O-5680895,LWI,BR,1,493000
O-2933884,LWI,BR,8,306000
O-9958149,LWI,BR,3,107000
O-6483153,LWI,BR,10,333000
O-3644019,LWI,BR,1,104000
O-5671789,LWI,BR,3,377000
O-7268900,LWI,NB,3,884000
O-5652688,LWI,BR,5,144000
O-5417248,LWI,BR,5,311000
O-2532482,LWI,BR,8,145000
O-5835989,LWI,BR,9,390000
O-1977513,LWI,BR,3,146000
O-3492159,LWI,BR,9,454000
O-7745517,LWI,BR,5,275000
O-8978902,LWI,BR,9,243000
O-9309762,LWI,NB,6,503000
O-3668816,LWI,NB,6,512000
O-4368486,LWI,NB,2,920000
O-7468967,LWI,NB,6,629000
O-2276507,LWI,BR,4,326000
O-3995536,LWI,BR,10,500000
O-4423769,LWI,BR,8,484000
O-8184001,LWI,BR,2,165000
O-6486816,LWI,NB,3,701000
O-9493527,LWI,BR,2,142000
O-1584127,LWI,BR,2,210000
O-4890939,LWI,BR,2,190000
O-1139908,LWI,BR,6,353000
O-6081966,LWI,BR,1,262000
O-5559999,LWI,BR,7,239000
O-4817865,LWI,NB,8,586000
O-2692974,LWI,BR,4,396000
O-7711304,LWI,BR,2,345000
O-3676668,LWI,BR,2,419000
O-4953623,LWI,NB,6,993000
O-4101718,LWI,BR,6,363000
O-8237557,LWI,BR,7,207000
O-8499306,LWI,BR,4,164000
O-8301409,LWI,NB,8,948000
O-3381272,LWI,BR,6,284000
O-8070242,LWI,BR,2,243000
O-7565703,LWI,NB,5,674000
O-5854105,LWI,BR,7,107000
O-2163534,LWI,BR,9,372000
O-4744134,LWI,NB,9,959000
O-7853424,LWI,BR,3,284000
O-2394962,LWI,BR,6,336000
O-5381873,LWI,BR,6,366000
O-2419120,LWI,NB,4,586000
O-7611680,LWI,BR,1,237000
O-6296413,LWI,BR,1,138000
O-1948345,LWI,BR,7,143000
O-4509834,LWI,BR,2,425000
O-1418340,LWI,BR,9,428000
O-3924207,LWI,BR,10,301000
O-2146507,LWI,BR,6,332000
O-4929906,LWI,BR,2,335000
O-8072333,LWI,NB,2,552000
O-6912333,LWI,BR,8,215000
O-8574818,LWI,BR,7,205000
O-8756268,LWI,BR,4,462000
O-8498268,LWI,BR,1,152000
O-5768336,LWI,NB,10,699000
O-7794757,LWI,BR,1,153000
O-5256707,LWI,BR,5,369000
O-1612837,LWI,BR,5,465000
O-5067118,LWI,BR,6,331000
O-9094831,LWI,BR,1,469000
O-3873245,LWI,BR,8,331000
O-2395077,LWI,BR,7,291000
O-9097851,LWI,BR,6,217000
O-6351490,LWI,BR,9,335000
O-6474418,LWI,BR,6,131000
O-1603161,LWI,BR,2,475000
O-2412469,LWI,BR,2,343000
O-4494460,LWI,BR,6,351000
O-4839099,LWI,BR,2,287000
O-9991867,LWI,BR,2,311000
O-3364278,LWI,NB,3,948000
O-3989175,LWI,NB,1,751000
O-8758062,LWI,BR,5,298000
O-9764386,LWI,BR,7,204000
O-1770464,LWI,BR,6,266000
O-3892039,LWI,BR,2,182000
O-9729518,LWI,NB,1,627000
O-5023447,LWI,BR,7,101000
O-9326205,LWI,NB,3,582000
O-3705194,LWI,NB,9,507000
O-6666801,LWI,BR,7,236000
O-9580862,LWI,BR,10,244000
O-4949133,LWI,NB,5,545000
O-7467810,LWI,BR,2,312000
O-1382598,LWI,NB,1,565000
O-7938656,LWI,NB,4,523000
O-6273616,LWI,BR,1,181000
O-3687401,LWI,NB,2,904000
O-3009368,LWI,NB,7,515000
O-4648227,LWI,BR,8,342000
O-1531111,LWI,BR,10,366000
O-4429599,LWI,BR,2,157000
O-5497472,LWI,BR,9,463000
O-6556476,LWI,BR,2,486000
O-6807632,LWI,BR,8,439000
O-2530468,LWI,BR,10,427000
O-3435437,LWI,BR,5,238000
O-6162767,LWI,BR,10,177000
O-1566677,LWI,BR,1,228000
O-5093096,LWI,BR,6,157000
O-4434070,LWI,BR,4,315000
O-3080546,LWI,BR,2,419000
O-7624611,LWI,BR,8,241000
O-3788430,LWI,NB,1,629000
O-9088578,LWI,BR,10,320000
O-4991448,LWI,NB,5,849000
O-7778109,LWI,BR,3,115000
O-7874223,LWI,BR,6,316000
O-7311768,LWI,BR,9,480000
O-5864684,LWI,BR,8,309000
O-3235438,LWI,BR,4,221000
O-2752511,LWI,BR,9,361000
O-6349363,LWI,BR,7,416000
O-7717170,LWI,BR,10,220000
O-7822430,LWI,NB,5,1000000
O-8280192,LWI,BR,5,253000
O-7106350,LWI,BR,7,129000
O-4679451,LWI,BR,10,139000
O-3282527,LWI,BR,1,199000
O-2485217,LWI,NB,7,513000
O-6908174,LWI,BR,2,484000
O-1929831,LWI,BR,8,383000
O-7896724,LWI,BR,1,389000
O-5367270,LWI,BR,4,382000
O-3052805,LWI,NB,4,629000
O-3034349,LWI,BR,10,153000
O-6664790,LWI,BR,8,426000
O-4892511,LWI,BR,1,322000
O-9400636,LWI,BR,3,293000
O-7064817,LWI,BR,3,364000
O-3584913,LWI,BR,10,326000
O-3401092,LWI,BR,9,193000
O-4164202,LWI,BR,2,103000
O-2992522,LWI,NB,6,738000
O-5543272,LWI,NB,1,803000
O-2077005,LWI,BR,9,193000
O-9305852,LWI,BR,5,249000
O-2605424,LWI,NB,1,572000
O-1891803,LWI,BR,1,469000
O-1431810,LWI,NB,3,749000
O-4720297,LWI,BR,10,170000
O-5936230,LWI,BR,10,159000
O-3713004,LWI,NB,9,776000
O-6145381,LWI,BR,6,231000
O-6461768,LWI,BR,1,341000
O-6888820,LWI,BR,6,190000
O-1547337,LWI,NB,8,900000
O-2321987,LWI,BR,2,227000
O-4533179,LWI,BR,4,318000
O-9784385,LWI,BR,2,295000
O-2038950,LWI,NB,1,959000
O-6624743,LWI,BR,8,320000
O-1915530,LWI,NB,6,700000
O-3334652,LWI,NB,9,827000
O-7267449,LWI,BR,5,136000
O-7209331,LWI,BR,3,194000
O-8518273,LWI,BR,2,183000
O-6911061,LWI,NB,6,572000
O-4091067,LWI,BR,8,340000
O-4268852,LWI,BR,8,180000
O-8370775,LWI,NB,10,889000
O-7393490,LWI,BR,1,431000
O-1605271,LWI,BR,2,372000
O-5379025,LWI,BR,3,262000
O-4486564,LWI,BR,1,128000
O-8764591,LWI,NB,2,663000
O-2973642,LWI,BR,2,427000
O-2881055,LWI,BR,5,198000
O-6006030,LWI,BR,10,101000
O-3157311,LWI,BR,9,311000
O-5646530,LWI,BR,10,481000
O-5361123,LWI,BR,6,196000
O-7751768,LWI,BR,8,422000
O-3035531,LWI,BR,2,160000
O-3437748,LWI,BR,8,300000
O-8891027,LWI,BR,4,261000
O-4081350,LWI,NB,5,803000
O-9550152,LWI,BR,7,233000
O-2867937,LWI,BR,6,125000
O-7061683,LWI,BR,1,358000
O-8378667,LWI,BR,8,388000
O-4075496,LWI,NB,1,660000
O-8649893,LWI,NB,6,627000
O-5930055,LWI,BR,4,135000
O-6901360,LWI,NB,9,633000
O-7122220,LWI,NB,6,640000
O-7745621,LWI,BR,10,276000
O-4622384,LWI,BR,4,215000
O-8319699,LWI,BR,4,416000
O-9711988,LWI,BR,3,402000
O-9201300,LWI,BR,2,470000
O-1699626,LWI,BR,6,311000
O-2107407,LWI,NB,8,763000
O-3192181,LWI,BR,3,330000
O-5110150,LWI,BR,8,359000
O-4649916,LWI,NB,2,680000
O-7990445,LWI,NB,3,887000
O-2734519,LWI,BR,4,469000
O-9267296,LWI,BR,5,484000
O-1245037,LWI,NB,10,679000
O-2514616,LWI,BR,10,166000
O-1492243,LWI,BR,9,138000
O-8476497,LWI,NB,7,610000
O-4966482,LWI,NB,2,686000
O-8959578,LWI,BR,2,269000
O-9308479,LWI,BR,5,105000
O-7591085,LWI,BR,7,436000
O-7619400,LWI,BR,2,274000
O-6342493,LWI,BR,8,365000
O-2377756,LWI,BR,4,355000
O-6568992,LWI,NB,5,553000
O-2314728,LWI,NB,4,721000
O-1954650,LWI,BR,8,189000
O-5734981,LWI,BR,4,156000
O-7195300,LWI,BR,8,405000
O-3667304,LWI,BR,9,196000
O-9512755,LWI,BR,7,350000
O-6278365,LWI,BR,1,152000
O-1561677,LWI,NB,10,629000
O-8083531,LWI,BR,10,386000
O-6102399,LWI,BR,4,444000
O-5939941,LWI,BR,7,445000
O-9987202,LWI,BR,4,418000
O-8750693,LWI,BR,3,455000
O-2057698,LWI,BR,2,496000
O-9371942,LWI,NB,6,834000
O-7609135,LWI,BR,7,332000
O-9916361,LWI,BR,8,321000
O-6313071,LWI,NB,6,795000
O-9664577,LWI,BR,3,189000
O-6093538,LWI,BR,10,304000
O-5525836,LWI,BR,6,267000
O-1306214,LWI,BR,5,229000
O-6757391,LWI,NB,7,660000
O-5868264,LWI,BR,3,245000
O-2658789,LWI,BR,4,123000
O-6770445,LWI,BR,1,396000
O-7943282,LWI,BR,8,353000
O-6434900,LWI,BR,5,259000
O-4957001,LWI,NB,4,637000
O-7376848,LWI,BR,6,121000
O-7071973,LWI,BR,8,326000
O-6000986,LWI,BR,1,173000
O-5678171,LWI,BR,3,423000
O-5068961,LWI,NB,9,953000
O-5227776,LWI,NB,6,503000
O-7788434,LWI,BR,6,487000
O-4112915,LWI,BR,4,403000
O-9664447,LWI,BR,10,130000
O-1278931,LWI,BR,10,424000
O-8592652,LWI,BR,4,283000
O-1299201,LWI,BR,7,165000
O-7440681,LWI,BR,3,108000
O-8608620,LWI,BR,7,124000
O-6079975,LWI,BR,8,151000
O-4161109,LWI,NB,7,918000
O-4952667,LWI,NB,9,621000
O-9364415,LWI,BR,1,270000
O-2291147,LWI,BR,8,392000
O-3854009,LWI,BR,4,343000
O-9058805,LWI,BR,7,107000
O-8160324,LWI,NB,4,522000
O-6704986,LWI,NB,8,992000
O-2497737,LWI,BR,9,214000
O-6074370,LWI,BR,8,380000
O-2192861,LWI,BR,4,375000
O-5122732,LWI,BR,7,159000
O-3125088,LWI,BR,7,203000
O-1956100,LWI,BR,2,190000
O-6066188,LWI,BR,3,469000
O-1439259,LWI,BR,3,299000
O-7072641,LWI,BR,9,271000
O-3825245,LWI,NB,4,657000
O-8607466,LWI,BR,7,169000
O-2653525,LWI,NB,2,529000
O-8022070,LWI,BR,3,376000
O-7526354,LWI,NB,5,712000
O-9132928,LWI,BR,3,498000
O-8049074,LWI,BR,2,306000
O-3654808,LWI,BR,9,229000
O-7202888,LWI,BR,1,241000
O-6840279,LWI,BR,6,415000
O-3959978,LWI,NB,8,735000
O-4516779,LWI,BR,9,147000
O-5172953,LWI,BR,2,441000
O-6951043,LWI,BR,8,125000
O-8892647,LWI,NB,7,690000
O-8242671,LWI,NB,9,864000
O-1432409,LWI,BR,10,436000
O-6195311,LWI,BR,5,251000
O-5956445,LWI,BR,9,389000
O-7484599,LWI,BR,2,221000
O-9309850,LWI,BR,1,397000
O-5920131,LWI,BR,4,475000
O-8968321,LWI,BR,10,416000
O-6670412,LWI,NB,9,545000
O-8095933,LWI,NB,4,586000
O-2872736,LWI,BR,1,157000
O-4919364,LWI,BR,3,189000
O-8736678,LWI,BR,2,151000
O-9375372,LWI,BR,8,322000
O-3506396,LWI,BR,6,415000
O-8142977,LWI,NB,7,543000
O-4279139,LWI,BR,8,299000
O-6582969,LWI,BR,7,223000
O-9668760,LWI,NB,2,953000
O-1833792,LWI,BR,5,137000
O-7170742,LWI,NB,1,943000
O-7658527,LWI,NB,5,709000
O-1779858,LWI,NB,2,729000
O-5173165,LWI,BR,8,492000
O-1520078,LWI,BR,1,429000
O-4369518,LWI,BR,7,500000
O-4524735,LWI,NB,8,694000
O-1719091,LWI,BR,5,194000
O-4834315,LWI,BR,2,245000
O-8650944,LWI,BR,5,112000
O-4930431,LWI,BR,6,376000
O-2709732,LWI,NB,9,652000
O-4590480,LWI,BR,5,111000
O-5750665,LWI,NB,3,721000
O-4663656,LWI,BR,8,435000
O-7654603,LWI,BR,10,308000
O-8694687,LWI,BR,7,489000
O-9328221,LWI,BR,6,238000
O-6801535,LWI,BR,1,207000
O-3788534,LWI,NB,9,947000
O-7745868,LWI,BR,4,130000
O-3308373,LWI,BR,3,404000
O-7705707,LWI,NB,6,814000
O-6667462,LWI,BR,1,303000
O-2381381,LWI,BR,5,287000
O-3485737,LWI,BR,7,308000
O-4708666,LWI,BR,9,140000
O-8230419,LWI,BR,1,279000
O-1330893,LWI,BR,7,152000
O-3934286,LWI,BR,6,454000
O-1142719,LWI,BR,3,206000
O-5144874,LWI,BR,9,243000
O-5696407,LWI,NB,1,685000
O-4674770,LWI,BR,4,405000
O-8032122,LWI,BR,10,149000
O-5487827,LWI,BR,1,205000
O-3474429,LWI,NB,8,605000
O-8898745,LWI,BR,3,428000
O-5893384,LWI,NB,9,720000
O-7269264,LWI,BR,9,197000
O-4072359,LWI,BR,6,110000
O-3167004,LWI,NB,4,804000
O-7776484,LWI,BR,5,122000
O-9652726,LWI,BR,3,272000
O-6231956,LWI,BR,6,228000
O-9705171,LWI,BR,9,187000
O-8301717,LWI,NB,9,668000
O-9486945,LWI,BR,3,228000
O-1177010,LWI,NB,1,742000
O-2550676,LWI,NB,3,501000
O-5814424,LWI,BR,3,174000
O-7570045,LWI,NB,5,501000
O-9867631,LWI,BR,1,324000
O-6194279,LWI,NB,10,630000
O-5235968,LWI,BR,9,213000
O-7212426,LWI,BR,5,471000
O-6930622,LWI,BR,2,422000
O-5723012,LWI,BR,10,158000
O-3719241,LWI,BR,3,214000
O-1325684,LWI,NB,7,627000
O-8504034,LWI,BR,7,109000
O-9429882,LWI,NB,7,601000
O-2489558,LWI,BR,9,161000
O-4352748,LWI,BR,8,436000
O-2972694,LWI,NB,9,722000
O-5376535,LWI,NB,2,778000
O-3584729,LWI,BR,1,198000
O-7784453,LWI,NB,4,968000
O-8544999,LWI,BR,8,419000
O-8629779,LWI,NB,9,917000
O-4613364,LWI,BR,5,349000
O-3748585,LWI,NB,2,727000
O-8930558,LWI,NB,8,983000
O-5027178,LWI,BR,1,302000
O-3375837,LWI,NB,5,698000
O-1652965,LWI,BR,10,322000
O-2052309,LWI,BR,2,343000
O-3484103,LWI,BR,7,173000
O-7819646,LWI,BR,9,173000
O-2808194,LWI,NB,10,933000
O-9479170,LWI,BR,3,485000
O-2783758,LWI,NB,7,799000
O-3064717,LWI,BR,5,442000
O-4268023,LWI,BR,4,239000
O-7415764,LWI,BR,1,311000
O-4372285,LWI,BR,2,481000
O-5044369,LWI,BR,7,171000
O-2802158,LWI,BR,7,385000
O-3690316,LWI,BR,2,370000
O-9628668,LWI,BR,8,312000
O-9870663,LWI,BR,1,400000
O-8626944,LWI,BR,10,256000
O-5668032,LWI,BR,3,443000
O-7155102,LWI,BR,4,293000
O-9988510,LWI,NB,4,980000
O-8324879,LWI,BR,3,117000
O-7971605,LWI,BR,7,351000
O-7160722,LWI,BR,10,263000
O-3453517,LWI,BR,9,252000
O-2218262,LWI,BR,8,375000
O-7498069,LWI,BR,4,189000
O-3519703,LWI,BR,8,215000
O-1458130,LWI,NB,8,645000
O-6358930,LWI,NB,2,688000
O-1413724,LWI,BR,10,152000
O-3165383,LWI,BR,4,364000
O-8042262,LWI,BR,8,346000
O-4887319,LWI,BR,3,425000
O-6709271,LWI,BR,1,394000
O-5191606,LWI,BR,8,129000
O-6045979,LWI,BR,4,420000
O-4315736,LWI,NB,4,813000
O-5737079,LWI,BR,9,109000
O-8052922,LWI,BR,10,319000
O-1281803,LWI,BR,5,330000
O-3531617,LWI,NB,5,618000
O-5916338,LWI,NB,3,756000
O-6632610,LWI,BR,4,163000
O-6925224,LWI,BR,7,218000
O-7246507,LWI,BR,7,106000
O-9478888,LWI,BR,7,145000
O-7481813,LWI,BR,1,379000
O-9191590,LWI,BR,9,276000
O-2090146,LWI,NB,1,858000
O-8122520,LWI,NB,8,960000
O-3329555,LWI,BR,3,472000
O-8209881,LWI,BR,8,220000
O-9598875,LWI,BR,9,369000
O-9572443,LWI,NB,3,766000
O-6403165,LWI,NB,5,731000
O-4343528,LWI,BR,3,233000
O-6877354,LWI,BR,7,432000
O-7927890,LWI,BR,6,340000
O-7355976,LWI,BR,10,196000
O-6688319,LWI,BR,2,150000
O-4379067,LWI,BR,6,140000
O-3549270,LWI,BR,10,106000
O-3408197,LWI,BR,3,190000
O-3106691,LWI,NB,8,668000
O-4060327,LWI,NB,9,664000
O-2628569,LWI,BR,4,239000
O-9364747,LWI,BR,7,236000
O-1952820,LWI,NB,8,973000
O-5477132,LWI,NB,7,509000
O-6478969,LWI,BR,1,139000
O-7635190,LWI,BR,4,471000
O-6715577,LWI,BR,8,254000
O-3775714,LWI,NB,1,548000
O-3034188,LWI,NB,8,682000
O-2910981,LWI,BR,8,342000
O-4983739,LWI,NB,8,901000
O-1937260,LWI,BR,9,265000
O-6453055,LWI,BR,9,124000
O-3785154,LWI,BR,10,336000
O-9539043,LWI,NB,6,773000
O-8122071,LWI,BR,6,354000
O-6986613,LWI,BR,6,105000
O-1734360,LWI,BR,4,293000
O-3878051,LWI,NB,5,759000
O-3284699,LWI,BR,2,227000
O-6323998,LWI,BR,4,154000
O-6738564,LWI,BR,5,233000
O-5505992,LWI,BR,1,237000
O-2159113,LWI,BR,10,377000
O-8293981,LWI,BR,6,336000
O-5113829,LWI,BR,9,354000
O-9884585,LWI,NB,6,689000
O-2716204,LWI,BR,5,281000
O-8706392,LWI,BR,8,272000
O-6084100,LWI,BR,3,321000
O-7058986,LWI,BR,2,227000
O-9514177,LWI,NB,5,975000
O-1734566,LWI,BR,5,296000
O-3456743,LWI,NB,8,610000
O-8675346,LWI,BR,9,254000
O-4495416,LWI,BR,2,321000
O-9803098,LWI,NB,10,943000
O-7390809,LWI,BR,2,186000
O-1356497,LWI,BR,9,137000
O-4429980,LWI,BR,5,118000
O-7484108,LWI,BR,6,127000
O-3671341,LWI,BR,10,117000
O-5017869,LWI,BR,1,238000
O-2575492,LWI,BR,5,366000
O-5274978,LWI,BR,10,407000
O-1747049,LWI,BR,5,302000
O-4342604,LWI,BR,8,190000
O-7121043,LWI,BR,9,371000
O-6588401,LWI,BR,2,121000
O-6951371,LWI,BR,6,160000
O-7495009,LWI,BR,5,377000
O-9210263,LWI,NB,9,506000
O-8517016,LWI,BR,5,243000
O-5899395,LWI,BR,6,120000
O-3701345,LWI,BR,1,195000
O-6428599,LWI,BR,5,147000
O-8185523,LWI,NB,8,916000
O-3001949,LWI,NB,6,887000
O-7505942,LWI,BR,5,272000
O-4136109,LWI,NB,6,985000
O-6899699,LWI,BR,5,314000
O-9106295,LWI,BR,1,326000
O-6768166,LWI,NB,4,657000
O-6479604,LWI,BR,9,121000
O-6629028,LWI,BR,10,389000
O-3461396,LWI,NB,3,630000
O-5768437,LWI,BR,6,407000
O-2159828,LWI,BR,4,132000
O-2531706,LWI,NB,8,517000
O-4356714,LWI,BR,1,166000
O-9572802,LWI,BR,6,484000
O-6750398,LWI,BR,9,371000
O-8027956,LWI,BR,9,356000
O-6830325,LWI,NB,1,921000
O-4601105,LWI,NB,8,874000
O-9923134,LWI,NB,8,847000
O-1500736,LWI,BR,4,298000
O-1830549,LWI,BR,3,297000
O-6615568,LWI,BR,3,201000
O-9432032,LWI,BR,2,492000
O-9852990,LWI,NB,3,755000
O-2079444,LWI,BR,7,481000
O-7817297,LWI,NB,7,566000
O-6459830,LWI,NB,7,866000
O-2125498,LWI,BR,3,306000
O-4036040,LWI,NB,10,714000
O-2940325,LWI,BR,5,420000
O-4654233,LWI,BR,3,345000
O-7288682,LWI,BR,9,326000
O-9294258,LWI,BR,10,105000
O-1196727,LWI,BR,4,166000
O-8525337,LWI,NB,2,631000
O-1900912,LWI,BR,9,497000
O-4912201,LWI,BR,7,103000
O-8472045,LWI,BR,2,290000
O-1157199,LWI,BR,10,418000
O-5313583,LWI,BR,3,227000
O-2741798,LWI,BR,3,202000
O-1491548,LWI,BR,3,310000
O-5779067,LWI,BR,10,242000
O-4226296,LWI,BR,10,115000
O-5834488,LWI,BR,5,218000
O-7526388,LWI,BR,9,487000
O-4477796,LWI,BR,10,139000
O-7379777,LWI,BR,9,408000
O-9560556,LWI,BR,6,389000
O-6421623,LWI,BR,1,428000
O-6192594,LWI,NB,4,764000
O-3238853,LWI,BR,9,381000
O-5217573,LWI,BR,6,380000
O-1649254,LWI,BR,7,500000
O-4544189,LWI,NB,4,788000
O-6595950,LWI,BR,8,183000
O-5914695,LWI,NB,2,902000
O-7083134,LWI,BR,10,313000
O-7751006,LWI,NB,6,825000
O-7999921,LWI,BR,6,227000
O-8858885,LWI,NB,1,703000
O-6978253,LWI,BR,10,172000
O-6838704,LWI,NB,2,685000
O-2587181,LWI,NB,8,544000
O-1558390,LWI,BR,8,396000
O-5566780,LWI,BR,8,216000
O-4859527,LWI,BR,8,205000
O-2166166,LWI,BR,1,417000
O-4015027,LWI,NB,4,688000
O-5656178,LWI,NB,10,577000
O-3340859,LWI,BR,1,452000
O-8728242,LWI,BR,3,300000
O-5066810,LWI,NB,1,591000
O-7966236,LWI,BR,8,105000
O-6359546,LWI,NB,8,657000
O-6185092,LWI,BR,1,358000
O-4988809,LWI,NB,7,873000
O-9437550,LWI,NB,1,706000
O-2412474,LWI,BR,5,225000
O-4497278,LWI,BR,2,445000
O-7406340,LWI,BR,4,494000
O-9613035,LWI,BR,5,419000
O-7283366,LWI,BR,9,417000
O-5944254,LWI,NB,8,969000
O-7119456,LWI,BR,10,227000
O-5639381,LWI,BR,9,153000
O-5773907,LWI,BR,9,255000
O-5067483,LWI,NB,4,529000
O-5503940,LWI,BR,3,245000
O-5860989,LWI,BR,8,264000
O-2893149,LWI,BR,7,274000
O-2104792,LWI,BR,1,406000
O-2334712,LWI,BR,6,318000
O-1137261,LWI,NB,8,800000
O-2072176,LWI,NB,9,563000
O-5702921,LWI,NB,6,971000
O-5634079,LWI,NB,2,506000
O-5271738,LWI,BR,8,156000
O-8882121,LWI,BR,4,207000
O-8866026,LWI,BR,10,392000
O-5694628,LWI,BR,7,454000
O-8872223,LWI,BR,4,180000
O-8396906,LWI,NB,7,570000
O-9868257,LWI,BR,10,148000
O-7719945,LWI,NB,6,654000
O-1886967,LWI,NB,1,954000
O-6301651,LWI,BR,3,235000
O-4807597,LWI,BR,5,426000
O-2283456,LWI,BR,7,352000
O-5136290,LWI,BR,4,228000
O-6218395,LWI,BR,8,462000
O-5773392,LWI,NB,10,630000
O-9723025,LWI,BR,1,248000
O-6759383,LWI,NB,7,785000
O-2953544,LWI,BR,1,420000
O-5656015,LWI,BR,7,320000
O-3573853,LWI,BR,5,190000
O-9138143,LWI,BR,2,340000
O-7422209,LWI,BR,9,106000
O-8880425,LWI,BR,4,373000
O-4322317,LWI,BR,8,316000
O-6620808,LWI,NB,9,550000
O-6583544,LWI,BR,7,185000
O-2972001,LWI,BR,4,160000
O-5746901,LWI,BR,7,414000
O-5294373,LWI,NB,4,529000
O-7743620,LWI,BR,1,393000
O-3690981,LWI,BR,1,216000
O-4223495,LWI,BR,6,207000
O-2676252,LWI,BR,9,326000
O-1983831,LWI,BR,4,261000
O-7786855,LWI,NB,9,708000
O-6625352,LWI,BR,2,205000
O-3939251,LWI,BR,9,442000
O-1968900,LWI,BR,10,472000
O-3749036,LWI,BR,10,488000
O-1355734,LWI,BR,2,185000
O-8253589,LWI,BR,3,324000
O-4543717,LWI,BR,5,471000
O-1617082,LWI,BR,6,425000
O-2409350,LWI,BR,5,312000
O-4717128,LWI,BR,9,243000
O-1882952,LWI,BR,7,422000
O-4385356,LWI,BR,9,127000
O-8248284,LWI,NB,9,638000
O-9747088,LWI,NB,2,842000
O-3137834,LWI,BR,8,245000
O-6383094,LWI,BR,7,245000
O-5912909,LWI,BR,2,113000
O-5852403,LWI,BR,8,173000
O-8669297,LWI,BR,6,466000
O-8536332,LWI,BR,6,431000
O-7775473,LWI,NB,2,933000
O-1543323,LWI,BR,4,417000
O-1705682,LWI,NB,4,752000
O-7144925,LWI,BR,1,219000
O-9595115,LWI,BR,3,392000
O-4503563,LWI,BR,2,260000
O-7129945,LWI,NB,1,957000
O-3183134,LWI,BR,3,416000
O-5576158,LWI,BR,6,237000
O-6276005,LWI,BR,1,343000
O-3126081,LWI,NB,1,529000
O-7633480,LWI,BR,7,226000
O-3688993,LWI,BR,7,178000
O-6635183,LWI,BR,1,393000
O-9083849,LWI,NB,5,971000
O-9156163,LWI,NB,3,728000
O-3377463,LWI,BR,5,389000
O-3626189,LWI,NB,4,778000
O-7052842,LWI,NB,10,681000
O-2258495,LWI,BR,4,438000
O-3077237,LWI,BR,6,191000
O-9009637,LWI,BR,4,147000
O-1228617,LWI,NB,6,596000
O-8560757,LWI,NB,8,889000
O-5350218,LWI,BR,9,241000
O-7341314,LWI,BR,4,249000
O-2017157,LWI,BR,8,400000
O-4679989,LWI,NB,5,812000
O-7163671,LWI,BR,10,499000
O-2294668,LWI,BR,2,453000
O-7539859,LWI,BR,3,152000
O-7811640,LWI,BR,2,274000
O-8481589,LWI,BR,4,269000
O-6969269,LWI,BR,6,374000
O-6120067,LWI,BR,4,483000
O-9074003,LWI,BR,6,442000
O-3047172,LWI,BR,7,173000
O-5230937,LWI,BR,1,107000
O-5249923,LWI,BR,8,137000
O-9445253,LWI,BR,10,441000
O-1377297,LWI,BR,6,226000
O-8467370,LWI,BR,5,435000
O-2305737,LWI,NB,8,674000
O-5530636,LWI,NB,8,625000
O-5330594,LWI,NB,5,901000
O-7498309,LWI,NB,4,883000
O-5146478,LWI,BR,2,463000
O-7460876,LWI,NB,10,741000
O-5459823,LWI,BR,4,361000
O-1408902,LWI,BR,10,102000
O-1511903,LWI,BR,7,332000
O-3560205,LWI,BR,8,177000
O-7657403,LWI,BR,9,297000
O-8388081,LWI,NB,5,849000
O-5082290,LWI,BR,10,294000
O-2895643,LWI,BR,6,262000
O-4093501,LWI,BR,4,334000
O-7070178,LWI,NB,7,779000
O-1536864,LWI,BR,5,318000
O-8567200,LWI,NB,8,579000
O-1931410,LWI,NB,9,841000
O-2065740,LWI,BR,8,218000
O-5712963,LWI,BR,9,265000
O-9195757,LWI,BR,2,491000
O-8987883,LWI,BR,4,320000
O-7619269,LWI,BR,9,456000
O-9314655,LWI,NB,8,567000
O-2170173,LWI,NB,4,769000
O-6817553,LWI,BR,3,365000
O-9641602,LWI,NB,1,913000
O-2671392,LWI,NB,8,911000
O-8016858,LWI,BR,1,399000
O-1944930,LWI,BR,9,283000
O-9486306,LWI,BR,1,421000
O-4315754,LWI,BR,10,254000
O-7987456,LWI,NB,3,711000
O-4872288,LWI,BR,7,436000
O-3062870,LWI,BR,1,338000
O-3016122,LWI,NB,1,517000
O-1651900,LWI,BR,3,310000
O-6070216,LWI,BR,6,470000
O-3628343,LWI,BR,1,407000
O-3734374,LWI,BR,2,311000
O-5966419,LWI,BR,5,395000
O-2192533,LWI,NB,6,625000
O-5772395,LWI,NB,8,569000
O-2670574,LWI,NB,5,538000
O-8595855,LWI,BR,6,500000
O-5379536,LWI,BR,2,176000
O-9745647,LWI,NB,1,823000
O-3808779,LWI,BR,5,358000
O-4666018,LWI,NB,2,682000
O-3719839,LWI,BR,5,158000
O-3631898,LWI,BR,10,173000
O-6323019,LWI,BR,10,439000
O-3519492,LWI,NB,1,634000
O-6570047,LWI,NB,4,804000
O-8230824,LWI,BR,7,104000
O-4013951,LWI,BR,4,147000
O-2272294,LWI,NB,9,749000
O-4669691,LWI,BR,3,280000
O-5263789,LWI,NB,4,730000
O-7545635,LWI,NB,5,860000
O-5779957,LWI,NB,7,709000
O-9544906,LWI,NB,7,825000
O-4633141,LWI,NB,2,842000
O-6271623,LWI,BR,10,278000
O-8081602,LWI,NB,4,563000
O-2575104,LWI,NB,8,851000
O-4484761,LWI,BR,4,207000
O-7690615,LWI,NB,4,631000
O-2912164,LWI,NB,1,543000
O-6748212,LWI,BR,6,404000
O-5594010,LWI,BR,4,349000
O-7658295,LWI,NB,10,888000
O-7991831,LWI,BR,10,470000
O-8429376,LWI,BR,9,425000
O-9274836,LWI,BR,5,399000
O-3418842,LWI,NB,4,957000
O-8410929,LWI,BR,1,448000
O-6656168,LWI,NB,7,706000
O-4984005,LWI,BR,7,384000
O-9919653,LWI,BR,7,261000
O-1161175,LWI,BR,9,342000
O-6058580,LWI,NB,8,773000
O-9115988,LWI,BR,1,328000
O-5407437,LWI,BR,10,122000
O-9456088,LWI,BR,10,112000
O-2674174,LWI,BR,7,382000
O-8520046,LWI,NB,3,756000
O-2333512,LWI,BR,10,489000
O-3617974,LWI,BR,2,251000
O-8967693,LWI,BR,3,455000
O-9070991,LWI,NB,9,881000
O-7130211,LWI,BR,7,197000
O-2893635,LWI,BR,4,334000
O-3705221,LWI,NB,5,526000
O-4914833,LWI,BR,9,119000
O-9988244,LWI,NB,7,599000
O-6026017,LWI,BR,3,408000
O-9139246,LWI,NB,10,695000
O-5916879,LWI,BR,1,453000
O-3221801,LWI,BR,4,280000
O-6851094,LWI,BR,9,461000
O-2581745,LWI,BR,4,289000
O-8806486,LWI,BR,4,277000
O-5885899,LWI,BR,4,191000
O-8829890,LWI,BR,10,333000
O-9738082,LWI,BR,5,395000
O-9907360,LWI,BR,10,369000
O-8954129,LWI,NB,9,974000
O-4526251,LWI,NB,3,863000
O-6505803,LWI,BR,4,475000
O-1460808,LWI,NB,2,505000
O-5306082,LWI,NB,10,826000
O-5047319,LWI,NB,9,525000
O-4420163,LWI,BR,6,135000
O-7508018,LWI,NB,7,706000
O-2670580,LWI,BR,2,432000
O-9573527,LWI,NB,2,773000
O-7771370,LWI,BR,2,108000
O-8112982,LWI,BR,6,266000
O-6539662,LWI,BR,1,189000
O-9652766,LWI,BR,2,184000
O-1565477,LWI,BR,2,123000
O-7728033,LWI,NB,1,570000
O-2386685,LWI,BR,6,213000
O-4500512,LWI,BR,8,390000
O-4542027,LWI,BR,2,198000
O-7980094,LWI,BR,7,140000
O-7335749,LWI,NB,1,902000
O-9992112,LWI,BR,8,142000
O-4830135,LWI,BR,4,498000
O-5259243,LWI,BR,7,281000
O-5835558,LWI,BR,7,239000
O-7844280,LWI,BR,8,398000
O-6604572,LWI,BR,6,169000
O-5306821,LWI,NB,4,825000
O-5043469,LWI,BR,6,159000
O-3187240,LWI,BR,4,320000
O-3994738,LWI,NB,8,941000
O-5148778,LWI,BR,6,142000
O-2926970,LWI,NB,6,592000
O-8574889,LWI,BR,1,336000
O-7045038,LWI,BR,2,185000
O-1882201,LWI,BR,6,409000
O-2038976,LWI,BR,4,315000
O-5216177,LWI,NB,2,757000
O-5979251,LWI,BR,6,187000
O-6446018,LWI,NB,1,606000
O-5337006,LWI,NB,2,715000
O-7557195,LWI,NB,2,765000
O-8374273,LWI,BR,2,218000
O-7664936,LWI,BR,6,269000
O-8568666,LWI,BR,8,237000
O-8811166,LWI,NB,3,641000
O-7713639,LWI,NB,10,591000
O-1950788,LWI,BR,9,184000
O-2191495,LWI,NB,10,948000
O-2519618,LWI,NB,4,922000
O-8538642,LWI,NB,8,920000
O-2626256,LWI,BR,9,359000
O-3438161,LWI,BR,7,112000
O-4967177,LWI,NB,4,739000
O-9083281,LWI,BR,9,413000
O-6312247,LWI,NB,4,905000
O-5455509,LWI,BR,4,262000
O-8563028,LWI,NB,9,996000
O-3282574,LWI,NB,1,701000
O-1223941,LWI,BR,7,457000
O-8787646,LWI,NB,8,590000
O-5323555,LWI,BR,5,367000
O-6229077,LWI,NB,1,853000
O-8783167,LWI,BR,2,389000
O-6806678,LWI,BR,7,256000
O-4664362,LWI,NB,6,757000
O-3111611,LWI,NB,10,713000
O-4143281,LWI,BR,6,322000
O-5585489,LWI,BR,3,352000
O-7677150,LWI,BR,7,285000
O-6487666,LWI,BR,7,473000
O-5458341,LWI,BR,5,107000
O-8997580,LWI,BR,9,400000
O-4942079,LWI,BR,7,411000
O-5596810,LWI,BR,2,170000
O-9909907,LWI,BR,8,109000
O-2042341,LWI,BR,7,273000
O-4024384,LWI,BR,2,153000
O-7521583,LWI,BR,6,133000
O-2820825,LWI,BR,3,366000
O-7103793,LWI,NB,1,715000
O-7885849,LWI,NB,7,876000
O-2371926,LWI,BR,4,222000
O-2656921,LWI,NB,4,899000
O-6844891,LWI,NB,5,793000
O-6002841,LWI,BR,2,297000
O-1699555,LWI,BR,9,138000
O-5785869,LWI,BR,7,184000
O-8120997,LWI,BR,1,373000
O-9088422,LWI,BR,8,173000
O-5234787,LWI,BR,1,138000
O-9464480,LWI,BR,3,252000
O-7656574,LWI,NB,8,574000
O-8593904,LWI,BR,7,148000
O-6279499,LWI,BR,10,443000
O-5095575,LWI,BR,6,454000
O-3279202,LWI,BR,4,496000
O-7224474,LWI,BR,6,151000
O-8018063,LWI,BR,7,462000
O-6494755,LWI,BR,10,376000
O-8513601,LWI,BR,6,409000
O-7350053,LWI,NB,3,905000
O-1400366,LWI,BR,8,470000
O-5020649,LWI,BR,2,497000
O-7445961,LWI,BR,9,188000
O-7257226,LWI,BR,1,160000
O-3555248,LWI,BR,6,172000
O-6101568,LWI,NB,9,885000
O-5994544,LWI,BR,10,339000
O-1948771,LWI,BR,6,353000
O-9515913,LWI,NB,5,640000
O-3083170,LWI,BR,6,315000
O-5716586,LWI,NB,7,676000
O-2778358,LWI,BR,7,487000
O-3752352,LWI,BR,4,378000
O-1418090,LWI,BR,4,245000
O-7984716,LWI,NB,8,892000
O-1830893,LWI,NB,3,690000
O-5731479,LWI,NB,5,729000
O-4951235,LWI,BR,4,276000
O-9400930,LWI,BR,5,278000
O-7646537,LWI,BR,6,174000
O-8436936,LWI,BR,4,178000
O-5202038,LWI,BR,6,286000
O-6204468,LWI,NB,1,539000
O-6297383,LWI,BR,9,470000
O-8521774,LWI,BR,3,279000
O-3968371,LWI,BR,7,417000
O-2149144,LWI,NB,4,627000
